sheet,row_number,jurisdiction,dataset_id,title,review_status,gap_types,gap_current_values,suggested_fix_kind,suggested_fix
Counties,2,niagara_region,,Consolidated NEI (Niagara Employment Inventory),curated_relevant,c;e,granularity=unspecified; category=business_registry | public_url=https://open.niagararegion.ca/datasets/NiagaraRegion::consolidated-nei-opendata; catalogue_url=(blank); format=geojson/csv/shp/kml,live_recheck,
Counties,3,niagara_region,,Address Points,curated_relevant,c,granularity=unspecified; category=address,mechanical,granularity=point_facility (from category=address)
Counties,4,niagara_region,,Municipal Boundaries (Niagara-12),curated_relevant,c;e,granularity=unspecified; category=boundary | public_url=ArcGIS org services1.arcgis.com/WxiLK82TWf8W3O3f; catalogue_url=(blank); format=geojson/rest,live_recheck,"public_url is a fragment, not a full URL: expand to full https endpoint"
Counties,5,niagara_region,,Strategic Locations for Investment,curated_relevant,e,public_url=ArcGIS org services1.arcgis.com/WxiLK82TWf8W3O3f; catalogue_url=(blank); format=geojson/rest,live_recheck,"public_url is a fragment, not a full URL: expand to full https endpoint"
Counties,6,niagara_region,,"NES / Natural Heritage series (Wetlands, Woodlands, Watercourses, Shoreline)",curated_relevant,e,public_url=ArcGIS org services1.arcgis.com/WxiLK82TWf8W3O3f; catalogue_url=(blank); format=geojson/rest,live_recheck,"public_url is a fragment, not a full URL: expand to full https endpoint"
Counties,7,hamilton,,Employment Lands,curated_relevant,c,granularity=unspecified; category=land_use,mechanical,granularity=area_or_zone (from category=land_use)
Counties,8,hamilton,,Zoning By-law Boundary,curated_relevant,e,public_url=Zoning_By_law_Boundary/FeatureServer/1; catalogue_url=(blank); format=geojson,live_recheck,"public_url is a fragment, not a full URL: expand to full https endpoint"
Counties,9,hamilton,,Buildings,curated_relevant,c;e,granularity=unspecified; category=building_footprint | public_url=Buildings/FeatureServer/8; catalogue_url=(blank); format=geojson,live_recheck,"granularity=building_or_structure (from category=building_footprint); public_url is a fragment, not a full URL: expand to full https endpoint"
Counties,10,hamilton,,Addresses,curated_relevant,c;e,granularity=unspecified; category=address | public_url=Addresses/FeatureServer/1; catalogue_url=(blank); format=geojson,live_recheck,"granularity=point_facility (from category=address); public_url is a fragment, not a full URL: expand to full https endpoint"
Counties,11,hamilton,,Railways,curated_relevant,e,public_url=Railways/FeatureServer/10; catalogue_url=(blank); format=geojson,live_recheck,"public_url is a fragment, not a full URL: expand to full https endpoint"
Counties,12,hamilton,,Truck Route Network,curated_relevant,e,public_url=Truck_Route_Network/FeatureServer/5; catalogue_url=(blank); format=geojson,live_recheck,"public_url is a fragment, not a full URL: expand to full https endpoint"
Counties,13,hamilton,,Vacant Building Registry,curated_relevant,e,public_url=Vacant_Building_Registry/FeatureServer/11; catalogue_url=(blank); format=table,live_recheck,"public_url is a fragment, not a full URL: expand to full https endpoint"
Counties,14,haldimand_county,,Zones (Zoning),curated_relevant,a;e,licence=not yet confirmed | public_url=gis.haldimandcounty.ca (own ArcGIS server); catalogue_url=(blank); format=rest,live_recheck,"public_url is a fragment, not a full URL: expand to full https endpoint"
Counties,15,haldimand_county,,Building Footprints,curated_relevant,a;e,licence=not yet confirmed | public_url=gis.haldimandcounty.ca; catalogue_url=(blank); format=rest,live_recheck,"public_url is a fragment, not a full URL: expand to full https endpoint"
Counties,16,haldimand_county,,ParcelsOnlinePublic,curated_relevant,a;b,licence=not yet confirmed | sensitivity_flag=none; granularity=parcel_or_property,review,Parcel row marked none: check for owner-name/PII fields and set sensitivity_flag
Counties,17,haldimand_county,,Civic Addresses,curated_relevant,a;c;e,licence=not yet confirmed | granularity=unspecified; category=address | public_url=gis.haldimandcounty.ca; catalogue_url=(blank); format=rest,live_recheck,"granularity=point_facility (from category=address); public_url is a fragment, not a full URL: expand to full https endpoint"
Counties,18,haldimand_county,,Special Flood Plain Policy Areas,curated_relevant,a;e,licence=not yet confirmed | public_url=gis.haldimandcounty.ca; catalogue_url=(blank); format=rest,live_recheck,"public_url is a fragment, not a full URL: expand to full https endpoint"
Counties,19,brant_county,,Parcels,curated_relevant,b,sensitivity_flag=none; granularity=parcel_or_property,review,Parcel row marked none: check for owner-name/PII fields and set sensitivity_flag
Counties,21,brant_county,,Land Use Designation,curated_relevant,c,granularity=unspecified; category=land_use,mechanical,granularity=area_or_zone (from category=land_use)
Counties,23,brant_county,,Civic Addressing,curated_relevant,c,granularity=unspecified; category=address,mechanical,granularity=point_facility (from category=address)
Counties,24,brant_county,,County of Brant Boundary,curated_relevant,a,licence=blank in DCAT feed,review,
Counties,25,brant_county,,Municipal Drains,curated_relevant,a;c;e,licence=blank in DCAT feed | granularity=unspecified; category=other | public_url=https://experience.arcgis.com/experience/1722d9a631184a5d8f27eddf9a588520; catalogue_url=https://catalogue-brant.hub.arcgis.com/apps/1722d9a631184a5d8f27eddf9a588520; format=ArcGIS GeoServices REST API,live_recheck,
Counties,26,brant_county,,Heritage Buildings,curated_relevant,a;c,licence=blank in DCAT feed | granularity=unspecified; category=other,review,
Counties,27,brant_county,,Settlement Boundary,curated_relevant,a,licence=blank in DCAT feed,review,
Counties,28,norfolk_county,,Parcels,curated_relevant,b,sensitivity_flag=none; granularity=parcel_or_property,review,Parcel row marked none: check for owner-name/PII fields and set sensitivity_flag
Counties,30,norfolk_county,,Civic Addresses,curated_relevant,c,granularity=unspecified; category=address,mechanical,granularity=point_facility (from category=address)
Counties,31,norfolk_county,,Municipal Parking,curated_relevant,c,granularity=unspecified; category=other,review,
Counties,33,halton_region,,(none found for the regional government itself),curated_relevant,a;c;e,"licence=n/a | granularity=unspecified; category=other | public_url=https://conservationhalton-camaps.opendata.arcgis.com (Conservation Halton, NOT the region); catalogue_url=(blank); format=-",live_recheck,
Counties,34,erie_county_ny,,NYS Tax Parcels Public (Erie filter),curated_relevant,e,public_url=services6.arcgis.com/EbVsqZ18sv1kVJ3k/.../NYS_Tax_Parcels_Public/FeatureServer/1; catalogue_url=(blank); format=rest/geojson,live_recheck,"public_url is a fragment, not a full URL: expand to full https endpoint"
Counties,35,erie_county_ny,,"Designated Brownfield Opportunity Areas (statewide, incl. Erie)",curated_relevant,e,public_url=services2.arcgis.com/okXm0pb6aWH6XOGI/.../BOA_Designations_November2021_Polygons/FeatureServer/0; catalogue_url=(blank); format=rest/geojson,live_recheck,"public_url is a fragment, not a full URL: expand to full https endpoint"
Counties,36,erie_county_ny,,"NYS DEC regulated facility registries (statewide, incl. Erie)",curated_relevant,c;e,granularity=unspecified; category=environmental_constraint | public_url=services6.arcgis.com/DZHaqZm9cxOD4CWM/arcgis/rest/services; catalogue_url=(blank); format=rest/geojson,live_recheck,"public_url is a fragment, not a full URL: expand to full https endpoint"
Counties,37,niagara_county_ny,,Niagara County GIS Parcels (own server),curated_relevant,a;e,licence=not fully confirmed | public_url=gis.niagaracounty.com/arcgis/rest/services/NC_GIS/NC_GIS/FeatureServer/4; catalogue_url=(blank); format=rest/geojson,live_recheck,"public_url is a fragment, not a full URL: expand to full https endpoint"
Counties,38,niagara_county_ny,,Inactive Landfills,curated_relevant,a;c;e,licence=not fully confirmed | granularity=unspecified; category=environmental_constraint | public_url=gis.niagaracounty.com/arcgis/rest/services/NC_GIS/NC_GIS/FeatureServer; catalogue_url=(blank); format=rest,live_recheck,"public_url is a fragment, not a full URL: expand to full https endpoint"
Counties,39,chautauqua_county_ny,,NYS Tax Parcels Public (Chautauqua filter),curated_relevant,e,public_url=services6.arcgis.com/EbVsqZ18sv1kVJ3k/.../NYS_Tax_Parcels_Public/FeatureServer/1; catalogue_url=(blank); format=rest/geojson,live_recheck,"public_url is a fragment, not a full URL: expand to full https endpoint"
Counties,40,chautauqua_county_ny,,Parcel History Database,curated_relevant,a;b;e,licence=unknown | sensitivity_flag=none; granularity=parcel_or_property | public_url=maps.chautauquacounty.com/public/phd/; catalogue_url=(blank); format=web app,live_recheck,"Parcel row marked none: check for owner-name/PII fields and set sensitivity_flag; public_url is a fragment, not a full URL: expand to full https endpoint"
Counties,41,cattaraugus_county_ny,,Cattaraugus Parcel Viewer 4.0,curated_relevant,e,public_url=maps2.cattco.org/parcel; catalogue_url=(blank); format=web app / shapefile on request,live_recheck,"public_url is a fragment, not a full URL: expand to full https endpoint"
Counties,42,wyoming_county_ny,,NYS Tax Parcels Public (Wyoming filter),curated_relevant,e,public_url=services6.arcgis.com/EbVsqZ18sv1kVJ3k/.../NYS_Tax_Parcels_Public/FeatureServer/1; catalogue_url=(blank); format=rest/geojson,live_recheck,"public_url is a fragment, not a full URL: expand to full https endpoint"
Counties,43,genesee_county_ny,,NYS Tax Parcels Public (Genesee filter),curated_relevant,e,public_url=services6.arcgis.com/EbVsqZ18sv1kVJ3k/.../NYS_Tax_Parcels_Public/FeatureServer/1; catalogue_url=(blank); format=rest/geojson,live_recheck,"public_url is a fragment, not a full URL: expand to full https endpoint"
Counties,44,genesee_county_ny,,Genesee County GIS Data Hub (Tax Parcels + more),curated_relevant,a;b;e,licence=unknown | sensitivity_flag=none; granularity=parcel_or_property | public_url=https://gis-data-cogeneseeny.hub.arcgis.com; catalogue_url=(blank); format=rest/geojson,live_recheck,Parcel row marked none: check for owner-name/PII fields and set sensitivity_flag
Counties,45,orleans_county_ny,,(none confirmed),curated_relevant,a;c;e,licence=n/a | granularity=unspecified; category=other | public_url=https://orleans.sdgnys.com; catalogue_url=(blank); format=-,live_recheck,
Counties,46,monroe_county_ny,,Parcels_Public (self-hosted ArcGIS Enterprise),curated_relevant,a;b;e,licence=licenceInfo blank -- check Enterprise Portal terms page | sensitivity_flag=none; granularity=parcel_or_property | public_url=maps.monroecounty.gov/server/rest/services/Hosted/Parcels_Public/FeatureServer/0; catalogue_url=(blank); format=rest/geojson,live_recheck,"Parcel row marked none: check for owner-name/PII fields and set sensitivity_flag; public_url is a fragment, not a full URL: expand to full https endpoint"
Counties,47,hamilton,hamilton_employment_lands,Hamilton Employment Lands,admitted_in_mcs,c;e,granularity=unspecified; category=land_use | public_url=https://open.hamilton.ca; catalogue_url=(blank); format=file,live_recheck,granularity=area_or_zone (from category=land_use)
Counties,48,hamilton,hamilton_zoning_boundary,Hamilton Zoning By-law Boundary,admitted_in_mcs,a;e,licence=unclear | public_url=https://open.hamilton.ca; catalogue_url=(blank); format=file,live_recheck,
Counties,49,hamilton,hamilton_buildings,Hamilton Buildings,admitted_in_mcs,a;c;e,licence=unclear | granularity=unspecified; category=building_footprint | public_url=https://open.hamilton.ca; catalogue_url=(blank); format=file,live_recheck,granularity=building_or_structure (from category=building_footprint)
Counties,50,hamilton,hamilton_railways,Hamilton Railways,admitted_in_mcs,a;e,licence=unclear | public_url=https://open.hamilton.ca; catalogue_url=(blank); format=file,live_recheck,
Counties,51,hamilton,hamilton_truck_routes,Hamilton Truck Route Network,admitted_in_mcs,a;e,licence=unclear | public_url=https://open.hamilton.ca; catalogue_url=(blank); format=file,live_recheck,
Counties,52,hamilton,hamilton_addresses,Hamilton Addresses,admitted_in_mcs,a;c;e,licence=unclear | granularity=unspecified; category=address | public_url=https://open.hamilton.ca; catalogue_url=(blank); format=file,live_recheck,granularity=point_facility (from category=address)
Counties,53,hamilton,hamilton_vacant_buildings,Hamilton Vacant Building Registry,admitted_in_mcs,a;e,licence=unclear | public_url=https://open.hamilton.ca; catalogue_url=(blank); format=file,live_recheck,
Counties,54,hamilton,hamilton_building_demolition_permits,Hamilton Building & Demolition Permits (2008–present),admitted_in_mcs,a;e,licence=unclear | public_url=https://open.hamilton.ca; catalogue_url=(blank); format=file,live_recheck,
Counties,55,hamilton,hamilton_businesses_employee_count,Hamilton Businesses by Employee Count,admitted_in_mcs,a;e,licence=unclear | public_url=https://open.hamilton.ca; catalogue_url=(blank); format=DCAT,live_recheck,
Counties,56,niagara_region,niagara_nei_consolidated,Niagara Consolidated NEI,admitted_in_mcs,c;e,granularity=unspecified; category=business_registry | public_url=https://niagaraopendata.ca/dataset/consolidated-nei-opendata; catalogue_url=(blank); format=file,live_recheck,
Counties,57,niagara_region,niagara_nei_annual_editions,Niagara NEI annual editions (2017/2018/2019/2022),admitted_in_mcs,c;e,granularity=unspecified; category=business_registry | public_url=https://niagaraopendata.ca; catalogue_url=(blank); format=file,live_recheck,
Counties,58,niagara_region,niagara_region_address_points,Niagara Region Address Points,admitted_in_mcs,c;e,granularity=unspecified; category=address | public_url=https://open.niagararegion.ca/datasets/NiagaraRegion::address-points; catalogue_url=(blank); format=file,live_recheck,granularity=point_facility (from category=address)
Counties,59,niagara_region,niagara_region_building_footprints,Niagara Region Building Footprints,admitted_in_mcs,e,public_url=https://open.niagararegion.ca; catalogue_url=(blank); format=file,live_recheck,
Counties,60,niagara_region,niagara_strategic_locations,Niagara Strategic Locations for Investment,admitted_in_mcs,e,public_url=https://open.niagararegion.ca; catalogue_url=(blank); format=file,live_recheck,
Counties,61,niagara_region,niagara_urban_area_boundaries,Niagara Urban Area Boundaries,admitted_in_mcs,e,public_url=https://open.niagararegion.ca; catalogue_url=(blank); format=file,live_recheck,
Counties,62,niagara_region,niagara_nhs,Niagara Provincial Natural Heritage System,admitted_in_mcs,c;e,granularity=unspecified; category=environmental_constraint | public_url=https://open.niagararegion.ca; catalogue_url=(blank); format=file,live_recheck,
Counties,63,niagara_region,niagara_nes_series,Niagara NES wetlands/woodlands/watercourses series,admitted_in_mcs,e,public_url=https://open.niagararegion.ca; catalogue_url=(blank); format=file,live_recheck,
Counties,64,niagara_region,niagara_archaeological_potential,Niagara NOP Area of Archaeological Potential,admitted_in_mcs,e,public_url=https://open.niagararegion.ca; catalogue_url=(blank); format=file,live_recheck,
Counties,66,niagara_region,npca_regulation_lands,NPCA Approximate Regulation Lands,admitted_in_mcs,a;c;e,licence=unclear | granularity=unspecified; category=other | public_url=https://www.arcgis.com (owner npca.dmccullagh); catalogue_url=(blank); format=REST,live_recheck,
Counties,68,niagara_region,ontario_greenbelt,Greenbelt Plan designations,admitted_in_mcs,c;e,granularity=unspecified; category=other | public_url=https://geohub.lio.gov.on.ca; catalogue_url=(blank); format=file,live_recheck,
Counties,69,niagara_county_ny,niagara_county_ny_parcels,Niagara County NY Parcels,admitted_in_mcs,a;b,licence=unclear | sensitivity_flag=none; granularity=parcel_or_property,review,Parcel row marked none: check for owner-name/PII fields and set sensitivity_flag
Counties,70,erie_county_ny,buffalo_assessment_bpis,Buffalo Final Assessment Roll & BPIS permits,admitted_in_mcs,a;b;e,licence=unclear | sensitivity_flag=none; granularity=parcel_or_property | public_url=https://data.buffalony.gov; catalogue_url=(blank); format=file,live_recheck,Parcel row marked none: check for owner-name/PII fields and set sensitivity_flag
Counties,71,monroe_county_ny,rochester_tax_parcels_spike,Rochester Tax Parcels + historical snapshots (spike),admitted_in_mcs,a;b;e,licence=unclear | sensitivity_flag=none; granularity=parcel_or_property | public_url=https://data.cityofrochester.gov; catalogue_url=(blank); format=file,live_recheck,Parcel row marked none: check for owner-name/PII fields and set sensitivity_flag
Counties,72,halton_region,burlington_halton_gap,Burlington / Halton Region open data,admitted_in_mcs,a;c;e;access,licence=unclear | granularity=unspecified; category=transportation | public_url=https://opendata.burlington.ca (HTTP 403 observed); catalogue_url=(blank); format= | access_method=unknown,live_recheck,
Counties,73,niagara_region,niagara_san_sps_catchments,Niagara San SPS Catchments,admitted_in_mcs,a;c;e,licence=unclear | granularity=unspecified; category=other | public_url=(blank); catalogue_url=(blank); format=file,live_recheck,
Counties,75,hamilton,hamilton_wastewater_cso_catchments,Hamilton wastewater/CSO catchments (+ water pressure),admitted_in_mcs,a;c;e,licence=unclear | granularity=unspecified; category=other | public_url=(blank); catalogue_url=(blank); format=file,live_recheck,
Counties,76,niagara_region,niagara_agricultural_land_base,Agricultural Land Base,admitted_in_mcs,a;c;e,licence=unclear | granularity=unspecified; category=other | public_url=(blank); catalogue_url=(blank); format=file,live_recheck,
Counties,77,niagara_region,niagara_municipal_boundaries,Municipal Boundaries (Niagara 12),admitted_in_mcs,a;c;e,licence=unclear | granularity=unspecified; category=boundary | public_url=(blank); catalogue_url=(blank); format=file,live_recheck,
Counties,78,niagara_region,niagara_designated_heritage_properties,Designated Heritage Properties (RGN),admitted_in_mcs,a;c;e,licence=unclear | granularity=unspecified; category=parcel | public_url=(blank); catalogue_url=(blank); format=file,live_recheck,granularity=parcel_or_property (from category=parcel)
Counties,79,niagara_region,niagara_region_transit_gtfs,Niagara Region Transit GTFS,admitted_in_mcs,a;c;e,licence=unclear | granularity=unspecified; category=transportation | public_url=(blank); catalogue_url=(blank); format=file,live_recheck,
Counties,80,niagara_region,niagara_development_charges_exemptions,Development Charges / exemption areas,admitted_in_mcs,a;e,licence=unclear | public_url=(blank); catalogue_url=(blank); format=file,live_recheck,
Counties,81,hamilton,hamilton_city_properties,Hamilton City Properties,admitted_in_mcs,a;c;e,licence=unclear | granularity=unspecified; category=parcel | public_url=(blank); catalogue_url=(blank); format=file,live_recheck,granularity=parcel_or_property (from category=parcel)
Counties,82,hamilton,hamilton_urban_boundary,Hamilton Urban Boundary,admitted_in_mcs,a;e,licence=unclear | public_url=(blank); catalogue_url=(blank); format=file,live_recheck,
Counties,83,hamilton,hamilton_licence_registers,Hamilton licence registers (salvage/garages/trades),admitted_in_mcs,a;c;e,licence=unclear | granularity=unspecified; category=other | public_url=(blank); catalogue_url=(blank); format=file,live_recheck,
Counties,84,hamilton,hamilton_development_applications,Hamilton Development Applications,admitted_in_mcs,a;c;e,licence=unclear | granularity=unspecified; category=other | public_url=(blank); catalogue_url=(blank); format=REST,live_recheck,
Counties,88,hamilton,,Clean Harbour Program,reviewed_relevant,a;c;e;access,licence=(blank) | granularity=unspecified; category=other | public_url=https://spatialsolutions.maps.arcgis.com/apps/MapTour/index.html?appid=a0f3ebded8c64d8daa5bae10ae9cd066; catalogue_url=https://open.hamilton.ca/apps/SpatialSolutions::clean-harbour-program; format=ArcGIS GeoServices REST API | access_method=unknown,live_recheck,
Counties,89,hamilton,,SiteSelector 2.0,reviewed_relevant,a;c;e,licence=(blank) | granularity=unspecified; category=other | public_url=https://experience.arcgis.com/experience/c57fac8bd9d64165bd7cb82dc368d2d0; catalogue_url=https://open.hamilton.ca/apps/SpatialSolutions::siteselector-2-0; format=ArcGIS GeoServices REST API,live_recheck,
Counties,92,hamilton,,Registered Cooling Towers,reviewed_relevant,a;c;access,licence=(blank) | granularity=unspecified; category=other | access_method=unknown,live_recheck,access_method=rest_bulk (URL is a FeatureServer/MapServer endpoint; the workbook uses rest_bulk for these)
Counties,101,hamilton,,Air Monitoring Sites - PAH Data,reviewed_relevant,a;c;access,licence=(blank) | granularity=unspecified; category=other | access_method=unknown,live_recheck,access_method=rest_bulk (URL is a FeatureServer/MapServer endpoint; the workbook uses rest_bulk for these)
Counties,102,hamilton,,"Air Monitoring Sites - O3,SO2,NO2 Data",reviewed_relevant,a;c;access,licence=(blank) | granularity=unspecified; category=other | access_method=unknown,live_recheck,access_method=rest_bulk (URL is a FeatureServer/MapServer endpoint; the workbook uses rest_bulk for these)
Counties,108,hamilton,,Truck Route Statistics,reviewed_relevant,a;access,licence=(blank) | access_method=unknown,live_recheck,access_method=rest_bulk (URL is a FeatureServer/MapServer endpoint; the workbook uses rest_bulk for these)
Counties,109,hamilton,,Truck Route Aggregated Data,reviewed_relevant,a;access,licence=(blank) | access_method=unknown,live_recheck,access_method=rest_bulk (URL is a FeatureServer/MapServer endpoint; the workbook uses rest_bulk for these)
Counties,111,hamilton,,Non-Residential Assessment Percentage of Total Assessment,reviewed_relevant,a;access,licence=(blank) | access_method=unknown,live_recheck,access_method=rest_bulk (URL is a FeatureServer/MapServer endpoint; the workbook uses rest_bulk for these)
Counties,119,hamilton,,Planning Applications Reported Quarterly,reviewed_relevant,a;c;access,licence=(blank) | granularity=unspecified; category=transportation | access_method=unknown,live_recheck,access_method=rest_bulk (URL is a FeatureServer/MapServer endpoint; the workbook uses rest_bulk for these)
Counties,132,hamilton,,"Commercial District & Corridor CIPAs, BIAs and the Downtown UGC",reviewed_relevant,a;e;access,licence=(blank) | public_url=https://spatialsolutions.maps.arcgis.com/apps/webappviewer/index.html?id=ae2d0e2636ee48db825cc9454cf745de; catalogue_url=https://open.hamilton.ca/apps/SpatialSolutions::commercial-district-corridor-cipas-bias-and-the-downtown-ugc; format=ArcGIS GeoServices REST API | access_method=unknown,live_recheck,
Counties,133,hamilton,,Licensed Trade Contractors and Masters,reviewed_relevant,a;c;access,licence=(blank) | granularity=unspecified; category=business_registry | access_method=unknown,live_recheck,access_method=rest_bulk (URL is a FeatureServer/MapServer endpoint; the workbook uses rest_bulk for these)
Counties,146,hamilton,,Water Valve,reviewed_relevant,a;b;c;access,licence=(blank) | sensitivity_flag=infrastructure_ownership_attribute | granularity=unspecified; category=other | access_method=unknown,live_recheck,Value not in README vocabulary: add it to the vocabulary or remap; access_method=rest_bulk (URL is a FeatureServer/MapServer endpoint; the workbook uses rest_bulk for these)
Counties,147,hamilton,,Water Node,reviewed_relevant,a;b;c;access,licence=(blank) | sensitivity_flag=infrastructure_ownership_attribute | granularity=unspecified; category=other | access_method=unknown,live_recheck,Value not in README vocabulary: add it to the vocabulary or remap; access_method=rest_bulk (URL is a FeatureServer/MapServer endpoint; the workbook uses rest_bulk for these)
Counties,148,hamilton,,Sewer Manhole,reviewed_relevant,a;b;c;access,licence=(blank) | sensitivity_flag=infrastructure_ownership_attribute | granularity=unspecified; category=other | access_method=unknown,live_recheck,Value not in README vocabulary: add it to the vocabulary or remap; access_method=rest_bulk (URL is a FeatureServer/MapServer endpoint; the workbook uses rest_bulk for these)
Counties,149,hamilton,,Sewer Valve,reviewed_relevant,a;b;c;access,licence=(blank) | sensitivity_flag=infrastructure_ownership_attribute | granularity=unspecified; category=other | access_method=unknown,live_recheck,Value not in README vocabulary: add it to the vocabulary or remap; access_method=rest_bulk (URL is a FeatureServer/MapServer endpoint; the workbook uses rest_bulk for these)
Counties,150,hamilton,,Sewer Node,reviewed_relevant,a;b;c;access,licence=(blank) | sensitivity_flag=infrastructure_ownership_attribute | granularity=unspecified; category=other | access_method=unknown,live_recheck,Value not in README vocabulary: add it to the vocabulary or remap; access_method=rest_bulk (URL is a FeatureServer/MapServer endpoint; the workbook uses rest_bulk for these)
Counties,151,hamilton,,Watermain,reviewed_relevant,a;b;access,licence=(blank) | sensitivity_flag=infrastructure_ownership_attribute | access_method=unknown,live_recheck,Value not in README vocabulary: add it to the vocabulary or remap; access_method=rest_bulk (URL is a FeatureServer/MapServer endpoint; the workbook uses rest_bulk for these)
Counties,152,hamilton,,Sewer Lift Station,reviewed_relevant,a;b;access,licence=(blank) | sensitivity_flag=infrastructure_ownership_attribute | access_method=unknown,live_recheck,Value not in README vocabulary: add it to the vocabulary or remap; access_method=rest_bulk (URL is a FeatureServer/MapServer endpoint; the workbook uses rest_bulk for these)
Counties,153,hamilton,,Sewer Main,reviewed_relevant,a;b;access,licence=(blank) | sensitivity_flag=infrastructure_ownership_attribute | access_method=unknown,live_recheck,Value not in README vocabulary: add it to the vocabulary or remap; access_method=rest_bulk (URL is a FeatureServer/MapServer endpoint; the workbook uses rest_bulk for these)
Counties,154,hamilton,,Water Pressure District,reviewed_relevant,a;access,licence=(blank) | access_method=unknown,live_recheck,access_method=rest_bulk (URL is a FeatureServer/MapServer endpoint; the workbook uses rest_bulk for these)
Counties,157,hamilton,,Public Sector Energy Consumption and Greenhouse Gas Emission Reporting,reviewed_relevant,a;access,licence=(blank) | access_method=unknown,live_recheck,access_method=rest_bulk (URL is a FeatureServer/MapServer endpoint; the workbook uses rest_bulk for these)
Counties,159,hamilton,,SiteSelector,reviewed_relevant,a;c;e;access,licence=(blank) | granularity=unspecified; category=other | public_url=https://open.hamilton.ca/maps/SpatialSolutions::siteselector; catalogue_url=(blank); format=Web Page | access_method=unknown,live_recheck,
Counties,177,hamilton,,Building Permits - Construction Value by Year,reviewed_relevant,a;access,licence=(blank) | access_method=unknown,live_recheck,access_method=rest_bulk (URL is a FeatureServer/MapServer endpoint; the workbook uses rest_bulk for these)
Counties,187,hamilton,,Building and Development Era,reviewed_relevant,a;c;e;access,licence=(blank) | granularity=unspecified; category=building_footprint | public_url=https://open.hamilton.ca/documents/SpatialSolutions::building-and-development-era; catalogue_url=(blank); format=Web Page | access_method=unknown,live_recheck,granularity=building_or_structure (from category=building_footprint)
Counties,194,hamilton,,Historic Railways,reviewed_relevant,a;e;access,licence=(blank) | public_url=https://open.hamilton.ca/documents/SpatialSolutions::historic-railways; catalogue_url=(blank); format=Web Page | access_method=unknown,live_recheck,
Counties,195,hamilton,,Heritage Properties in Ancaster,reviewed_relevant,a;c;e;access,licence=(blank) | granularity=unspecified; category=environmental_constraint | public_url=https://open.hamilton.ca/documents/SpatialSolutions::heritage-properties-in-ancaster; catalogue_url=(blank); format=Web Page | access_method=unknown,live_recheck,
Counties,237,hamilton,,Average Unemployment Rate,reviewed_relevant,a;access,licence=(blank) | access_method=unknown,live_recheck,access_method=rest_bulk (URL is a FeatureServer/MapServer endpoint; the workbook uses rest_bulk for these)
Counties,244,hamilton,,Heritage Properties,reviewed_relevant,a;c;e;access,licence=(blank) | granularity=unspecified; category=environmental_constraint | public_url=https://spatialsolutions.maps.arcgis.com/apps/webappviewer/index.html?id=aba8025ce739485ca37130d56040bb84; catalogue_url=https://open.hamilton.ca/apps/SpatialSolutions::heritage-properties; format=ArcGIS GeoServices REST API | access_method=unknown,live_recheck,
Counties,247,hamilton,,Dev App Timelines - Engineering Submissions for Site Plan,reviewed_relevant,a;access,licence=(blank) | access_method=unknown,live_recheck,access_method=rest_bulk (URL is a FeatureServer/MapServer endpoint; the workbook uses rest_bulk for these)
Counties,248,hamilton,,Commercial Façade Property Improvement Grant Program Recipients,reviewed_relevant,a;c;access,licence=(blank) | granularity=unspecified; category=other | access_method=unknown,live_recheck,access_method=rest_bulk (URL is a FeatureServer/MapServer endpoint; the workbook uses rest_bulk for these)
Counties,254,hamilton,,Wastewater Treatment Plant Catchment Areas,reviewed_relevant,a;access,licence=(blank) | access_method=unknown,live_recheck,access_method=rest_bulk (URL is a FeatureServer/MapServer endpoint; the workbook uses rest_bulk for these)
Counties,255,hamilton,,Volume of Wastewater Treated,reviewed_relevant,a;c;access,licence=(blank) | granularity=unspecified; category=other | access_method=unknown,live_recheck,access_method=rest_bulk (URL is a FeatureServer/MapServer endpoint; the workbook uses rest_bulk for these)
Counties,261,hamilton,,Community Safety Zones,reviewed_relevant,a;access,licence=(blank) | access_method=unknown,live_recheck,access_method=rest_bulk (URL is a FeatureServer/MapServer endpoint; the workbook uses rest_bulk for these)
Counties,266,hamilton,,Emergency Sewer Repairs and Replacement,reviewed_relevant,a;c;access,licence=(blank) | granularity=unspecified; category=other | access_method=unknown,live_recheck,access_method=rest_bulk (URL is a FeatureServer/MapServer endpoint; the workbook uses rest_bulk for these)
Counties,267,hamilton,,Business Improvement Areas,reviewed_relevant,a;access,licence=(blank) | access_method=unknown,live_recheck,access_method=rest_bulk (URL is a FeatureServer/MapServer endpoint; the workbook uses rest_bulk for these)
Counties,270,hamilton,,Building Code Compliance Inspections,reviewed_relevant,a;c;access,licence=(blank) | granularity=unspecified; category=building_footprint | access_method=unknown,live_recheck,granularity=building_or_structure (from category=building_footprint); access_method=rest_bulk (URL is a FeatureServer/MapServer endpoint; the workbook uses rest_bulk for these)
Counties,271,hamilton,,Dev App Timelines - Committee of Adjustment Hearings and Consent Applications,reviewed_relevant,a;access,licence=(blank) | access_method=unknown,live_recheck,access_method=rest_bulk (URL is a FeatureServer/MapServer endpoint; the workbook uses rest_bulk for these)
Counties,273,hamilton,,Dev App Timelines - Zoning Verification,reviewed_relevant,a;access,licence=(blank) | access_method=unknown,live_recheck,access_method=rest_bulk (URL is a FeatureServer/MapServer endpoint; the workbook uses rest_bulk for these)
Counties,274,hamilton,,Environmentally Sensitive Areas Boundaries,reviewed_relevant,a;access,licence=(blank) | access_method=unknown,live_recheck,access_method=rest_bulk (URL is a FeatureServer/MapServer endpoint; the workbook uses rest_bulk for these)
Counties,289,hamilton,,Waste Landfills and Transfer Stations,reviewed_relevant,a;access,licence=(blank) | access_method=unknown,live_recheck,access_method=rest_bulk (URL is a FeatureServer/MapServer endpoint; the workbook uses rest_bulk for these)
Counties,290,hamilton,,Sewer Lateral Repairs and Replacements,reviewed_relevant,a;c;access,licence=(blank) | granularity=unspecified; category=other | access_method=unknown,live_recheck,access_method=rest_bulk (URL is a FeatureServer/MapServer endpoint; the workbook uses rest_bulk for these)
Counties,294,hamilton,,Escarpment,reviewed_relevant,a;c;access,licence=(blank) | granularity=unspecified; category=environmental_constraint | access_method=unknown,live_recheck,access_method=rest_bulk (URL is a FeatureServer/MapServer endpoint; the workbook uses rest_bulk for these)
Counties,295,hamilton,,Economic Diversification Score,reviewed_relevant,a;access,licence=(blank) | access_method=unknown,live_recheck,access_method=rest_bulk (URL is a FeatureServer/MapServer endpoint; the workbook uses rest_bulk for these)
Counties,297,hamilton,,Waste Collection by Address,reviewed_relevant,a;c;access,licence=(blank) | granularity=unspecified; category=address | access_method=unknown,live_recheck,granularity=point_facility (from category=address); access_method=rest_bulk (URL is a FeatureServer/MapServer endpoint; the workbook uses rest_bulk for these)
Counties,318,hamilton,,City of Hamilton - City wide (Urban Corridor map theme),reviewed_relevant,a;e;access,licence=(blank) | public_url=https://open.hamilton.ca/documents/SpatialSolutions::city-of-hamilton-city-wide-urban-corridor-map-theme; catalogue_url=(blank); format=Web Page | access_method=unknown,live_recheck,
Counties,337,hamilton,,Urban Corridor 35000,reviewed_relevant,a;e;access,licence=(blank) | public_url=https://open.hamilton.ca/documents/SpatialSolutions::urban-corridor-35000; catalogue_url=(blank); format=Web Page | access_method=unknown,live_recheck,
Counties,342,hamilton,,City-Owned Property Listing,reviewed_relevant,a;c;e;access,licence=(blank) | granularity=unspecified; category=other | public_url=https://spatialsolutions.maps.arcgis.com/apps/webappviewer/index.html?id=138c22169e254e93b267c9782554e65b; catalogue_url=https://open.hamilton.ca/apps/SpatialSolutions::city-owned-property-listing; format=ArcGIS GeoServices REST API | access_method=unknown,live_recheck,
Counties,343,hamilton,,Development Applications,reviewed_relevant,a;c;access,licence=(blank) | granularity=unspecified; category=other | access_method=unknown,live_recheck,access_method=rest_bulk (URL is a FeatureServer/MapServer endpoint; the workbook uses rest_bulk for these)
Counties,346,hamilton,,Interactive Zoning,reviewed_relevant,a;e;access,licence=(blank) | public_url=https://spatialsolutions.maps.arcgis.com/apps/webappviewer/index.html?id=c96a9f6b4e364d5fb3ec1e1129aad77d; catalogue_url=https://open.hamilton.ca/apps/SpatialSolutions::interactive-zoning; format=ArcGIS GeoServices REST API | access_method=unknown,live_recheck,
Counties,356,hamilton,,Urban Boundary,reviewed_relevant,a;access,licence=(blank) | access_method=unknown,live_recheck,access_method=rest_bulk (URL is a FeatureServer/MapServer endpoint; the workbook uses rest_bulk for these)
Counties,362,hamilton,,Building Permits - Construction Value by Ward,reviewed_relevant,a;access,licence=(blank) | access_method=unknown,live_recheck,access_method=rest_bulk (URL is a FeatureServer/MapServer endpoint; the workbook uses rest_bulk for these)
Counties,367,hamilton,,Surface Water Quality Program,reviewed_relevant,a;c;access,licence=(blank) | granularity=unspecified; category=other | access_method=unknown,live_recheck,access_method=rest_bulk (URL is a FeatureServer/MapServer endpoint; the workbook uses rest_bulk for these)
Counties,370,hamilton,,Building and Demolition Permits 2017 to Present,reviewed_relevant,a;access,licence=(blank) | access_method=unknown,live_recheck,access_method=rest_bulk (URL is a FeatureServer/MapServer endpoint; the workbook uses rest_bulk for these)
Counties,371,hamilton,,Building and Demolition Permits 2008 to 2016,reviewed_relevant,a;access,licence=(blank) | access_method=unknown,live_recheck,access_method=rest_bulk (URL is a FeatureServer/MapServer endpoint; the workbook uses rest_bulk for these)
Counties,377,hamilton,,Licensed Salvage Yards,reviewed_relevant,a;c;access,licence=(blank) | granularity=unspecified; category=business_registry | access_method=unknown,live_recheck,access_method=rest_bulk (URL is a FeatureServer/MapServer endpoint; the workbook uses rest_bulk for these)
Counties,378,hamilton,,Land Use by Ward 2018,reviewed_relevant,a;access,licence=(blank) | access_method=unknown,live_recheck,access_method=rest_bulk (URL is a FeatureServer/MapServer endpoint; the workbook uses rest_bulk for these)
Counties,381,hamilton,,Licensed Public Garages,reviewed_relevant,a;c;access,licence=(blank) | granularity=unspecified; category=business_registry | access_method=unknown,live_recheck,access_method=rest_bulk (URL is a FeatureServer/MapServer endpoint; the workbook uses rest_bulk for these)
Counties,388,hamilton,,Combined Sewer Overflow Events,reviewed_relevant,a;c;access,licence=(blank) | granularity=unspecified; category=other | access_method=unknown,live_recheck,access_method=rest_bulk (URL is a FeatureServer/MapServer endpoint; the workbook uses rest_bulk for these)
Counties,389,hamilton,,Wastewater Treatment Plant Bypass Events,reviewed_relevant,a;c;access,licence=(blank) | granularity=unspecified; category=other | access_method=unknown,live_recheck,access_method=rest_bulk (URL is a FeatureServer/MapServer endpoint; the workbook uses rest_bulk for these)
Counties,400,hamilton,,Rural Settlement Areas,reviewed_relevant,a;access,licence=(blank) | access_method=unknown,live_recheck,access_method=rest_bulk (URL is a FeatureServer/MapServer endpoint; the workbook uses rest_bulk for these)
Counties,415,hamilton,,City Growth Targets Population,reviewed_relevant,a;c;access,licence=(blank) | granularity=unspecified; category=other | access_method=unknown,live_recheck,access_method=rest_bulk (URL is a FeatureServer/MapServer endpoint; the workbook uses rest_bulk for these)
Counties,416,hamilton,,City Growth Targets Employment,reviewed_relevant,a;c;access,licence=(blank) | granularity=unspecified; category=other | access_method=unknown,live_recheck,access_method=rest_bulk (URL is a FeatureServer/MapServer endpoint; the workbook uses rest_bulk for these)
Counties,430,hamilton,,Neighbourhood Speed Reduction Zones,reviewed_relevant,a;access,licence=(blank) | access_method=unknown,live_recheck,access_method=rest_bulk (URL is a FeatureServer/MapServer endpoint; the workbook uses rest_bulk for these)
Counties,438,hamilton,,Land Use by Ward,reviewed_relevant,a;access,licence=(blank) | access_method=unknown,live_recheck,access_method=rest_bulk (URL is a FeatureServer/MapServer endpoint; the workbook uses rest_bulk for these)
Counties,441,hamilton,,Census Labour Force,reviewed_relevant,a;access,licence=(blank) | access_method=unknown,live_recheck,access_method=rest_bulk (URL is a FeatureServer/MapServer endpoint; the workbook uses rest_bulk for these)
Counties,447,hamilton,,Overall Watermain and Water Service Line Repairs and Replacements,reviewed_relevant,a;access,licence=(blank) | access_method=unknown,live_recheck,access_method=rest_bulk (URL is a FeatureServer/MapServer endpoint; the workbook uses rest_bulk for these)
Counties,449,hamilton,,Airport,reviewed_relevant,a;access,licence=(blank) | access_method=unknown,live_recheck,access_method=rest_bulk (URL is a FeatureServer/MapServer endpoint; the workbook uses rest_bulk for these)
Counties,451,hamilton,,Commercial Corridor Community Improvement Project Areas,reviewed_relevant,a;access,licence=(blank) | access_method=unknown,live_recheck,access_method=rest_bulk (URL is a FeatureServer/MapServer endpoint; the workbook uses rest_bulk for these)
Counties,454,hamilton,,Commercial District Community Improvement Project Areas,reviewed_relevant,a;access,licence=(blank) | access_method=unknown,live_recheck,access_method=rest_bulk (URL is a FeatureServer/MapServer endpoint; the workbook uses rest_bulk for these)
Counties,461,hamilton,,Dev App Timelines - Business Licence Review,reviewed_relevant,a;access,licence=(blank) | access_method=unknown,live_recheck,access_method=rest_bulk (URL is a FeatureServer/MapServer endpoint; the workbook uses rest_bulk for these)
Counties,462,hamilton,,BIA Commercial Property Improvement Grant Program Recipients,reviewed_relevant,a;c;access,licence=(blank) | granularity=unspecified; category=other | access_method=unknown,live_recheck,access_method=rest_bulk (URL is a FeatureServer/MapServer endpoint; the workbook uses rest_bulk for these)
Counties,469,hamilton,,Average Daily Wastewater Treated,reviewed_relevant,a;access,licence=(blank) | access_method=unknown,live_recheck,access_method=rest_bulk (URL is a FeatureServer/MapServer endpoint; the workbook uses rest_bulk for these)
Counties,471,hamilton,,Dev App Timelines Business License Review,reviewed_relevant,a;access,licence=(blank) | access_method=unknown,live_recheck,access_method=rest_bulk (URL is a FeatureServer/MapServer endpoint; the workbook uses rest_bulk for these)
Counties,475,hamilton,,Community Wide Greenhouse Gas (GHG) Emissions,reviewed_relevant,a;access,licence=(blank) | access_method=unknown,live_recheck,access_method=rest_bulk (URL is a FeatureServer/MapServer endpoint; the workbook uses rest_bulk for these)
Counties,480,hamilton,,Building Permits Issued,reviewed_relevant,a;access,licence=(blank) | access_method=unknown,live_recheck,access_method=rest_bulk (URL is a FeatureServer/MapServer endpoint; the workbook uses rest_bulk for these)
Counties,481,hamilton,,Corporate Wide Greenhouse Gas (GHG) Emissions,reviewed_relevant,a;access,licence=(blank) | access_method=unknown,live_recheck,access_method=rest_bulk (URL is a FeatureServer/MapServer endpoint; the workbook uses rest_bulk for these)
Counties,486,hamilton,,Ontario Works Assessment Time,reviewed_relevant,a;c;access,licence=(blank) | granularity=unspecified; category=assessed_value | access_method=unknown,live_recheck,access_method=rest_bulk (URL is a FeatureServer/MapServer endpoint; the workbook uses rest_bulk for these)
Counties,489,hamilton,,Employment by Sector for Hamilton CMA,reviewed_relevant,a;c;access,licence=(blank) | granularity=unspecified; category=other | access_method=unknown,live_recheck,access_method=rest_bulk (URL is a FeatureServer/MapServer endpoint; the workbook uses rest_bulk for these)
Counties,490,hamilton,,Businesses by Employee Count,reviewed_relevant,a;access,licence=(blank) | access_method=unknown,live_recheck,access_method=rest_bulk (URL is a FeatureServer/MapServer endpoint; the workbook uses rest_bulk for these)
Counties,497,hamilton,,Hamilton Heritage Property Grant Program Recipients,reviewed_relevant,a;c;access,licence=(blank) | granularity=unspecified; category=environmental_constraint | access_method=unknown,live_recheck,access_method=rest_bulk (URL is a FeatureServer/MapServer endpoint; the workbook uses rest_bulk for these)
Counties,503,hamilton,,Volume of Water Treated,reviewed_relevant,a;c;access,licence=(blank) | granularity=unspecified; category=other | access_method=unknown,live_recheck,access_method=rest_bulk (URL is a FeatureServer/MapServer endpoint; the workbook uses rest_bulk for these)
Counties,514,hamilton,,Tax Increment Grant Program Recipients,reviewed_relevant,a;c;access,licence=(blank) | granularity=unspecified; category=other | access_method=unknown,live_recheck,access_method=rest_bulk (URL is a FeatureServer/MapServer endpoint; the workbook uses rest_bulk for these)
Counties,518,hamilton,,Real Estate Sales,reviewed_relevant,a;c;access,licence=(blank) | granularity=unspecified; category=other | access_method=unknown,live_recheck,access_method=rest_bulk (URL is a FeatureServer/MapServer endpoint; the workbook uses rest_bulk for these)
Counties,527,hamilton,,Hamilton Heritage Conservation Grant Program Recipients,reviewed_relevant,a;c;access,licence=(blank) | granularity=unspecified; category=environmental_constraint | access_method=unknown,live_recheck,access_method=rest_bulk (URL is a FeatureServer/MapServer endpoint; the workbook uses rest_bulk for these)
Counties,528,hamilton,,Dev App Timelines - Engineering Submissions for Subdivisions,reviewed_relevant,a;access,licence=(blank) | access_method=unknown,live_recheck,access_method=rest_bulk (URL is a FeatureServer/MapServer endpoint; the workbook uses rest_bulk for these)
Counties,531,hamilton,,Dev App Timelines - Building Permit Review,reviewed_relevant,a;access,licence=(blank) | access_method=unknown,live_recheck,access_method=rest_bulk (URL is a FeatureServer/MapServer endpoint; the workbook uses rest_bulk for these)
Counties,532,hamilton,,Dev App Timelines - Reports to Planning Committee,reviewed_relevant,a;access,licence=(blank) | access_method=unknown,live_recheck,access_method=rest_bulk (URL is a FeatureServer/MapServer endpoint; the workbook uses rest_bulk for these)
Counties,535,hamilton,,Census Unemployment,reviewed_relevant,a;access,licence=(blank) | access_method=unknown,live_recheck,access_method=rest_bulk (URL is a FeatureServer/MapServer endpoint; the workbook uses rest_bulk for these)
Counties,536,hamilton,,Building Permits - Construction Value by Permit Type,reviewed_relevant,a;access,licence=(blank) | access_method=unknown,live_recheck,access_method=rest_bulk (URL is a FeatureServer/MapServer endpoint; the workbook uses rest_bulk for these)
Counties,540,genesee_county_ny,,Genesee County Smart Growth Areas,reviewed_relevant,a,licence=(blank),live_recheck,
Counties,542,brant_county,,Public OP,reviewed_relevant,a;c;e,licence=(blank) | granularity=unspecified; category=other | public_url=https://experience.arcgis.com/experience/f2a54a10e6a74eaf8aa1c7bd89f32be7; catalogue_url=https://catalogue-brant.hub.arcgis.com/apps/f2a54a10e6a74eaf8aa1c7bd89f32be7; format=ArcGIS GeoServices REST API,live_recheck,
Counties,544,brant_county,,CPPS Engagements Map - OP to Zoning,reviewed_relevant,a;e,licence=(blank) | public_url=https://experience.arcgis.com/experience/50664b0dfb274ee3aa94784928bc51ee; catalogue_url=https://catalogue-brant.hub.arcgis.com/apps/50664b0dfb274ee3aa94784928bc51ee; format=ArcGIS GeoServices REST API,live_recheck,
Counties,551,brant_county,,Load Restrictions,reviewed_relevant,a;c;e,licence=(blank) | granularity=unspecified; category=other | public_url=https://experience.arcgis.com/experience/7602ce4c88ac42d5ac51cb378a842052; catalogue_url=https://catalogue-brant.hub.arcgis.com/apps/7602ce4c88ac42d5ac51cb378a842052; format=ArcGIS GeoServices REST API,live_recheck,
Counties,561,brant_county,,Load Restriction,reviewed_relevant,a;c,licence=(blank) | granularity=unspecified; category=other,live_recheck,
Counties,564,brant_county,,Subdivision,reviewed_relevant,a;c,licence=(blank) | granularity=unspecified; category=other,live_recheck,
Counties,592,niagara_region,,Combined Sewage Overflows (CSO),reviewed_relevant,a;c,licence=(blank) | granularity=unspecified; category=other,live_recheck,
Counties,602,niagara_region,,Airports,reviewed_relevant,a,licence=(blank),live_recheck,
Counties,606,niagara_region,,CIP Project Area,reviewed_relevant,a,licence=(blank),live_recheck,
Counties,607,niagara_region,,Designated Heritage Properties,reviewed_relevant,a;c,licence=(blank) | granularity=unspecified; category=environmental_constraint,live_recheck,
Counties,614,niagara_region,,Municipal Boundaries,reviewed_relevant,a;c,licence=(blank) | granularity=unspecified; category=other,live_recheck,
Counties,615,niagara_region,,NES Inland Lakes,reviewed_relevant,a;c,licence=(blank) | granularity=unspecified; category=other,live_recheck,
Counties,620,niagara_region,,Regional Growth Centre,reviewed_relevant,a;c,licence=(blank) | granularity=unspecified; category=other,live_recheck,
Counties,622,niagara_region,,Rural Settlements,reviewed_relevant,a,licence=(blank),live_recheck,
Counties,625,niagara_region,,Welland Canal,reviewed_relevant,a;c,licence=(blank) | granularity=unspecified; category=other,live_recheck,
Counties,630,niagara_region,,Building Footprints,reviewed_relevant,a,licence=(blank),live_recheck,
Counties,631,niagara_region,,NES Other Wetlands Non PSW,reviewed_relevant,a,licence=(blank),live_recheck,
Counties,632,niagara_region,,NES Other Woodlands,reviewed_relevant,a;c,licence=(blank) | granularity=unspecified; category=other,live_recheck,
Counties,634,niagara_region,,NES Shoreline Areas,reviewed_relevant,a,licence=(blank),live_recheck,
Counties,635,niagara_region,,NOP Area of Archaeological Potential,reviewed_relevant,a,licence=(blank),live_recheck,
Counties,636,niagara_region,,Significant Woodlands,reviewed_relevant,a;c,licence=(blank) | granularity=unspecified; category=other,live_recheck,
Counties,648,niagara_region,,DCExemptionWaiverAreas(Expires Sept 2015),reviewed_relevant,a;e,licence=(blank) | public_url=https://niagaraopendata.ca/dataset/dc-exemption-waiver-area-expires-sept-2015; catalogue_url=https://niagaraopendata.ca/dataset/dc-exemption-waiver-area-expires-sept-2015; format=csv,live_recheck,
Counties,652,niagara_region,,2022 Niagara Region Employment Inventory,reviewed_relevant,a;c,licence=(blank) | granularity=unspecified; category=business_registry,live_recheck,
Counties,657,niagara_region,,2019 Niagara Region Employment Inventory,reviewed_relevant,a;c,licence=(blank) | granularity=unspecified; category=business_registry,live_recheck,
Counties,658,niagara_region,,2018 Niagara Region Employment Inventory,reviewed_relevant,a;c,licence=(blank) | granularity=unspecified; category=business_registry,live_recheck,
Counties,659,niagara_region,,2017 Niagara Region Employment Inventory,reviewed_relevant,a;c,licence=(blank) | granularity=unspecified; category=business_registry,live_recheck,
Counties,661,niagara_region,,Historical Welland Canal Points of Interest,reviewed_relevant,a;c,licence=(blank) | granularity=unspecified; category=other,live_recheck,
Counties,670,niagara_region,,Niagara Prosperity Initiative Projects,reviewed_relevant,a;c,licence=(blank) | granularity=unspecified; category=other,live_recheck,
Counties,682,niagara_region,,Open Landfills in Niagara Region,reviewed_relevant,a;c;e,licence=(blank) | granularity=unspecified; category=other | public_url=https://niagaraopendata.ca/dataset/nr-open-landfills; catalogue_url=https://niagaraopendata.ca/dataset/nr-open-landfills; format=XML,live_recheck,
Counties,685,haldimand_county,,Mines,reviewed_relevant,a;c,licence=(blank) | granularity=unspecified; category=other,live_recheck,
Counties,686,haldimand_county,,Municipal Boundaries,reviewed_relevant,a;c,licence=(blank) | granularity=unspecified; category=other,live_recheck,
Counties,691,haldimand_county,,Schedule B Intake Protection Zones,reviewed_relevant,a,licence=(blank),live_recheck,
Counties,692,haldimand_county,,Zones,reviewed_relevant,a,licence=(blank),live_recheck,
Counties,693,haldimand_county,,Schedule C Special Flood Plain Policy Areas,reviewed_relevant,a,licence=(blank),live_recheck,
Counties,700,haldimand_county,,Special Policy Area Dunnville,reviewed_relevant,a,licence=(blank),live_recheck,
Counties,705,haldimand_county,,Hydro Primary Overhead,reviewed_relevant,a;c,licence=(blank) | granularity=unspecified; category=other,live_recheck,
Counties,706,haldimand_county,,Water_WATERMAIN_Line,reviewed_relevant,a,licence=(blank),live_recheck,
Counties,707,haldimand_county,,HighTensionHydroLines,reviewed_relevant,a,licence=(blank),live_recheck,
Counties,708,haldimand_county,,Settlement Areas,reviewed_relevant,a,licence=(blank),live_recheck,
Counties,709,haldimand_county,,Special Provisions,reviewed_relevant,a;c,licence=(blank) | granularity=unspecified; category=other,live_recheck,
Counties,711,haldimand_county,,Hydro Secondary Overhead,reviewed_relevant,a;c,licence=(blank) | granularity=unspecified; category=other,live_recheck,
Counties,714,haldimand_county,,BuildingFootprint,reviewed_relevant,a,licence=(blank),live_recheck,
Counties,716,haldimand_county,,Wetland30mBuffer,reviewed_relevant,a,licence=(blank),live_recheck,
Counties,718,haldimand_county,,Municipal_Drains,reviewed_relevant,a;c,licence=(blank) | granularity=unspecified; category=other,live_recheck,
Counties,719,haldimand_county,,Municipal_Drain_Areas,reviewed_relevant,a,licence=(blank),live_recheck,
Counties,720,haldimand_county,,Railways,reviewed_relevant,a,licence=(blank),live_recheck,
Counties,726,haldimand_county,,Sanitary_WASTEMAIN_Line,reviewed_relevant,a,licence=(blank),live_recheck,
Counties,727,haldimand_county,,Storm_STORMMAINS_Line,reviewed_relevant,a,licence=(blank),live_recheck,
Counties,729,haldimand_county,,HydroSecondaryUnderground,reviewed_relevant,a;c,licence=(blank) | granularity=unspecified; category=other,live_recheck,
Counties,730,haldimand_county,,Water_RAWMAIN_Line,reviewed_relevant,a,licence=(blank),live_recheck,
Counties,731,haldimand_county,,HydroPrimaryUnderground,reviewed_relevant,a;c,licence=(blank) | granularity=unspecified; category=other,live_recheck,
Counties,734,haldimand_county,,Water_SERVICE_Line,reviewed_relevant,a,licence=(blank),live_recheck,
Counties,735,haldimand_county,,Water_BREAK_Junction,reviewed_relevant,a;c,licence=(blank) | granularity=linear_network; title keyword=Junction,live_recheck,Title suggests point features: consider granularity=point_facility
Counties,736,haldimand_county,,Sanitary_LATERAL_Line,reviewed_relevant,a,licence=(blank),live_recheck,
Counties,737,haldimand_county,,Significant Natural Environment Area Features,reviewed_relevant,a,licence=(blank),live_recheck,
Counties,739,haldimand_county,,Telecommunication Towers,reviewed_relevant,a;c,licence=(blank) | granularity=unspecified; category=other,live_recheck,
Counties,742,haldimand_county,,UnionGas,reviewed_relevant,a;c,licence=(blank) | granularity=unspecified; category=other,live_recheck,
Counties,743,haldimand_county,,Other Hazard Lands,reviewed_relevant,a;c,licence=(blank) | granularity=unspecified; category=environmental_constraint,live_recheck,
Counties,745,haldimand_county,,Sanitary_FORCEMAIN_Line,reviewed_relevant,a,licence=(blank),live_recheck,
Counties,746,haldimand_county,,Sanitary_MANHOLE_Junction,reviewed_relevant,a;c,licence=(blank) | granularity=linear_network; title keyword=Junction,live_recheck,Title suggests point features: consider granularity=point_facility
Counties,747,haldimand_county,,CIP Boundary,reviewed_relevant,a,licence=(blank),live_recheck,
Counties,748,haldimand_county,,Sanitary_PRIVATEMANHOLE_Junction,reviewed_relevant,a;c,licence=(blank) | granularity=linear_network; title keyword=Junction,live_recheck,Title suggests point features: consider granularity=point_facility
Counties,749,haldimand_county,,Water_PRIVATEHYDRANT_Junction,reviewed_relevant,a;c,licence=(blank) | granularity=linear_network; title keyword=Junction,live_recheck,Title suggests point features: consider granularity=point_facility
Counties,750,haldimand_county,,Storm_ALLCATCHBASINS_Junction,reviewed_relevant,a;c,licence=(blank) | granularity=linear_network; title keyword=Junction,live_recheck,Title suggests point features: consider granularity=point_facility
Counties,751,haldimand_county,,Water_SYSVALVE_Junction,reviewed_relevant,a;c,licence=(blank) | granularity=linear_network; title keyword=Junction,live_recheck,Title suggests point features: consider granularity=point_facility
Counties,752,haldimand_county,,Water_BOOSTER_Junction,reviewed_relevant,a;c,licence=(blank) | granularity=linear_network; title keyword=Junction,live_recheck,Title suggests point features: consider granularity=point_facility
Counties,754,haldimand_county,,Storm_CATCHBASIN_Junction,reviewed_relevant,a;c,licence=(blank) | granularity=linear_network; title keyword=Junction,live_recheck,Title suggests point features: consider granularity=point_facility
Counties,755,haldimand_county,,Water_HYDRANT_T_Junction,reviewed_relevant,a;c,licence=(blank) | granularity=linear_network; title keyword=HYDRANT,live_recheck,Title suggests point features: consider granularity=point_facility
Counties,756,haldimand_county,,Sanitary_BYPASS_Line,reviewed_relevant,a,licence=(blank),live_recheck,
Counties,757,haldimand_county,,BIA Boundary,reviewed_relevant,a,licence=(blank),live_recheck,
Counties,758,haldimand_county,,Expropriation Plans,reviewed_relevant,a;c,licence=(blank) | granularity=unspecified; category=other,live_recheck,
Counties,761,haldimand_county,,Water_SAMPLELOCATION_Junction,reviewed_relevant,a;c,licence=(blank) | granularity=linear_network; title keyword=Junction,live_recheck,Title suggests point features: consider granularity=point_facility
Counties,764,haldimand_county,,Storm_STORMLATERALS_Line,reviewed_relevant,a,licence=(blank),live_recheck,
Counties,765,haldimand_county,,Storm_CBLEAD_Line,reviewed_relevant,a,licence=(blank),live_recheck,
Counties,767,haldimand_county,,Storm_STORMCEPTOR_Junction,reviewed_relevant,a;c,licence=(blank) | granularity=linear_network; title keyword=Junction,live_recheck,Title suggests point features: consider granularity=point_facility
Counties,769,haldimand_county,,Urban Forestry Zones,reviewed_relevant,a,licence=(blank),live_recheck,
Counties,772,haldimand_county,,Storm_ROOFLEAD_Line,reviewed_relevant,a,licence=(blank),live_recheck,
Counties,775,haldimand_county,,Land use,reviewed_relevant,a;c,licence=(blank) | granularity=unspecified; category=land_use,live_recheck,granularity=area_or_zone (from category=land_use)
Counties,776,haldimand_county,,Water_HYDRANTLINK_Line,reviewed_relevant,a,licence=(blank),live_recheck,
Counties,778,haldimand_county,,Water_CHAMBER_Junction,reviewed_relevant,a;c,licence=(blank) | granularity=linear_network; title keyword=Junction,live_recheck,Title suggests point features: consider granularity=point_facility
Counties,782,haldimand_county,,EnvironmentalOperationsAreas,reviewed_relevant,a,licence=(blank),live_recheck,
Counties,784,haldimand_county,,OPLanduse,reviewed_relevant,a;c,licence=(blank) | granularity=unspecified; category=land_use,live_recheck,granularity=area_or_zone (from category=land_use)
Counties,790,haldimand_county,,Sanitary_FACILITIES_Polygon,reviewed_relevant,a,licence=(blank),live_recheck,
Counties,791,haldimand_county,,Storm_FACILITIES_Polygon,reviewed_relevant,a,licence=(blank),live_recheck,
Counties,792,haldimand_county,,Water_RESERVOIR_Junction,reviewed_relevant,a;c,licence=(blank) | granularity=linear_network; title keyword=Junction,live_recheck,Title suggests point features: consider granularity=point_facility
Counties,793,haldimand_county,,Storm_STORMMANHOLE_Junction,reviewed_relevant,a;c,licence=(blank) | granularity=linear_network; title keyword=Junction,live_recheck,Title suggests point features: consider granularity=point_facility
Counties,794,haldimand_county,,Storm_PRIVATESTORMMANHOLE_Junction,reviewed_relevant,a;c,licence=(blank) | granularity=linear_network; title keyword=Junction,live_recheck,Title suggests point features: consider granularity=point_facility
Counties,795,haldimand_county,,Pipelines,reviewed_relevant,a,licence=(blank),live_recheck,
Counties,796,haldimand_county,,Hazard Lands Overlay Natural Hazard,reviewed_relevant,a;c,licence=(blank) | granularity=unspecified; category=environmental_constraint,live_recheck,
Counties,797,haldimand_county,,Hazard Lands Overlay Natural Environment Area,reviewed_relevant,a,licence=(blank),live_recheck,
Counties,798,haldimand_county,,HydroPoles,reviewed_relevant,a;c,licence=(blank) | granularity=unspecified; category=other,live_recheck,
Counties,799,haldimand_county,,Settlements Points,reviewed_relevant,a,licence=(blank),live_recheck,
Counties,800,haldimand_county,,TruckRoutes,reviewed_relevant,a,licence=(blank),live_recheck,
Counties,802,haldimand_county,,Hazard Lands Overlay Other Hazard Lands,reviewed_relevant,a;c,licence=(blank) | granularity=unspecified; category=environmental_constraint,live_recheck,
Counties,803,haldimand_county,,Natural Overlay,reviewed_relevant,a;c,licence=(blank) | granularity=unspecified; category=other,live_recheck,
Counties,808,haldimand_county,,NG911AddressPoints,reviewed_relevant,a;c,licence=(blank) | granularity=unspecified; category=address,live_recheck,granularity=point_facility (from category=address)
Counties,809,haldimand_county,,Water_TRANSMAIN_Line,reviewed_relevant,a,licence=(blank),live_recheck,
Counties,810,haldimand_county,,Storm_REARYARDCATCHBASIN_Junction,reviewed_relevant,a;c,licence=(blank) | granularity=linear_network; title keyword=Junction,live_recheck,Title suggests point features: consider granularity=point_facility
Counties,811,haldimand_county,,Site Specific Policy Areas,reviewed_relevant,a,licence=(blank),live_recheck,
Counties,813,haldimand_county,,Storm_PRIVATEDOUBLECATCHBASIN_Junction,reviewed_relevant,a;c,licence=(blank) | granularity=linear_network; title keyword=Junction,live_recheck,Title suggests point features: consider granularity=point_facility
Counties,814,haldimand_county,,Sanitary_SANIVALVE_Junction,reviewed_relevant,a;c,licence=(blank) | granularity=linear_network; title keyword=Junction,live_recheck,Title suggests point features: consider granularity=point_facility
Counties,815,haldimand_county,,AddressPoints,reviewed_relevant,a;c,licence=(blank) | granularity=unspecified; category=address,live_recheck,granularity=point_facility (from category=address)
Counties,817,haldimand_county,,Storm_DITCHINLETMANHOLE_Junction,reviewed_relevant,a;c,licence=(blank) | granularity=linear_network; title keyword=Junction,live_recheck,Title suggests point features: consider granularity=point_facility
Counties,818,haldimand_county,,Storm_DITCHINLETCATCHBASIN_Junction,reviewed_relevant,a;c,licence=(blank) | granularity=linear_network; title keyword=Junction,live_recheck,Title suggests point features: consider granularity=point_facility
Counties,819,haldimand_county,,Flood Hazard Limit,reviewed_relevant,a;c,licence=(blank) | granularity=unspecified; category=environmental_constraint,live_recheck,
Counties,820,haldimand_county,,Strategic Employment Area,reviewed_relevant,a,licence=(blank),live_recheck,
Counties,821,haldimand_county,,Intake Protection Zones,reviewed_relevant,a,licence=(blank),live_recheck,
Counties,822,haldimand_county,,Employment Area,reviewed_relevant,a,licence=(blank),live_recheck,
Counties,823,haldimand_county,,Other Woodlands,reviewed_relevant,a;c,licence=(blank) | granularity=unspecified; category=other,live_recheck,
Counties,824,haldimand_county,,Sanitary_OUTFALL_Line,reviewed_relevant,a,licence=(blank),live_recheck,
Counties,825,haldimand_county,,Water_METER_Junction,reviewed_relevant,a;c,licence=(blank) | granularity=linear_network; title keyword=Junction,live_recheck,Title suggests point features: consider granularity=point_facility
Counties,826,haldimand_county,,Storm_PRIVATECATCHBASINMANHOLE_Junction,reviewed_relevant,a;c,licence=(blank) | granularity=linear_network; title keyword=Junction,live_recheck,Title suggests point features: consider granularity=point_facility
Counties,827,haldimand_county,,Storm_CULVERT_Line,reviewed_relevant,a,licence=(blank),live_recheck,
Counties,828,haldimand_county,,Hazard Lands,reviewed_relevant,a;c,licence=(blank) | granularity=unspecified; category=environmental_constraint,live_recheck,
Counties,830,haldimand_county,,Mineral Aggregate Resources,reviewed_relevant,a;c,licence=(blank) | granularity=unspecified; category=other,live_recheck,
Counties,831,haldimand_county,,Sanitary_CLEANOUT_Junction,reviewed_relevant,a;c,licence=(blank) | granularity=linear_network; title keyword=Junction,live_recheck,Title suggests point features: consider granularity=point_facility
Counties,832,haldimand_county,,Storm_OUTLET_Junction,reviewed_relevant,a;c,licence=(blank) | granularity=linear_network; title keyword=OUTLET,live_recheck,Title suggests point features: consider granularity=point_facility
Counties,833,haldimand_county,,Sanitary_WPCP_Junction,reviewed_relevant,a;c,licence=(blank) | granularity=linear_network; title keyword=Junction,live_recheck,Title suggests point features: consider granularity=point_facility
Counties,835,haldimand_county,,Industrial Influence Area,reviewed_relevant,a,licence=(blank),live_recheck,
Counties,836,haldimand_county,,Dunnville Secondary Plan Site Specific Policy Area,reviewed_relevant,a,licence=(blank),live_recheck,
Counties,837,haldimand_county,,Significant Ground Water Recharge Areas,reviewed_relevant,a,licence=(blank),live_recheck,
Counties,838,haldimand_county,,Water_DRAINVALVE_Junction,reviewed_relevant,a;c,licence=(blank) | granularity=linear_network; title keyword=Junction,live_recheck,Title suggests point features: consider granularity=point_facility
Counties,839,haldimand_county,,Sanitary_CONNECTION_Junction,reviewed_relevant,a;c,licence=(blank) | granularity=linear_network; title keyword=Junction,live_recheck,Title suggests point features: consider granularity=point_facility
Counties,840,haldimand_county,,Water_ARRV_Junction,reviewed_relevant,a;c,licence=(blank) | granularity=linear_network; title keyword=Junction,live_recheck,Title suggests point features: consider granularity=point_facility
Counties,842,haldimand_county,,Local Uneval Wetlands,reviewed_relevant,a,licence=(blank),live_recheck,
Counties,844,haldimand_county,,Intensification Area,reviewed_relevant,a,licence=(blank),live_recheck,
Counties,845,haldimand_county,,Intensification Corridor,reviewed_relevant,a,licence=(blank),live_recheck,
Counties,846,haldimand_county,,Highly Vulnerable Aquifers,reviewed_relevant,a;c,licence=(blank) | granularity=unspecified; category=other,live_recheck,
Counties,847,haldimand_county,,Storm_OPENDITCH_Line,reviewed_relevant,a,licence=(blank),live_recheck,
Counties,848,haldimand_county,,Water_CURBSTOP_Junction,reviewed_relevant,a;c,licence=(blank) | granularity=linear_network; title keyword=Junction,live_recheck,Title suggests point features: consider granularity=point_facility
Counties,849,haldimand_county,,Storm_PRIVATEDITCHINLETCATCHBASIN_Junction,reviewed_relevant,a;c,licence=(blank) | granularity=linear_network; title keyword=Junction,live_recheck,Title suggests point features: consider granularity=point_facility
Counties,850,haldimand_county,,Sanitary_SPST_Junction,reviewed_relevant,a;c,licence=(blank) | granularity=linear_network; title keyword=Junction,live_recheck,Title suggests point features: consider granularity=point_facility
Counties,851,haldimand_county,,Storm_CATCHBASINMANHOLE_Junction,reviewed_relevant,a;c,licence=(blank) | granularity=linear_network; title keyword=Junction,live_recheck,Title suggests point features: consider granularity=point_facility
Counties,852,haldimand_county,,Water_BLOWOFF_Junction,reviewed_relevant,a;c,licence=(blank) | granularity=linear_network; title keyword=Junction,live_recheck,Title suggests point features: consider granularity=point_facility
Counties,853,haldimand_county,,Water_CONNECTION_Junction,reviewed_relevant,a;c,licence=(blank) | granularity=linear_network; title keyword=Junction,live_recheck,Title suggests point features: consider granularity=point_facility
Counties,854,haldimand_county,,Water_REDUCER_Junction,reviewed_relevant,a;c,licence=(blank) | granularity=linear_network; title keyword=Junction,live_recheck,Title suggests point features: consider granularity=point_facility
Counties,855,haldimand_county,,Storm_INLET_Junction,reviewed_relevant,a;c,licence=(blank) | granularity=linear_network; title keyword=INLET,live_recheck,Title suggests point features: consider granularity=point_facility
Counties,856,haldimand_county,,Storm_PRIVATECATCHBASIN_Junction,reviewed_relevant,a;c,licence=(blank) | granularity=linear_network; title keyword=Junction,live_recheck,Title suggests point features: consider granularity=point_facility
Counties,858,haldimand_county,,Water_PLUG_Junction,reviewed_relevant,a;c,licence=(blank) | granularity=linear_network; title keyword=Junction,live_recheck,Title suggests point features: consider granularity=point_facility
Counties,859,haldimand_county,,Water_INTAKE_Junction,reviewed_relevant,a;c,licence=(blank) | granularity=linear_network; title keyword=Junction,live_recheck,Title suggests point features: consider granularity=point_facility
Counties,860,haldimand_county,,Water_CORROSION_Junction,reviewed_relevant,a;c,licence=(blank) | granularity=linear_network; title keyword=Junction,live_recheck,Title suggests point features: consider granularity=point_facility
Counties,861,haldimand_county,,Storm_STORMVALVE_Junction,reviewed_relevant,a;c,licence=(blank) | granularity=linear_network; title keyword=Junction,live_recheck,Title suggests point features: consider granularity=point_facility
Counties,862,haldimand_county,,Storm_DOUBLECATCHBASIN_Junction,reviewed_relevant,a;c,licence=(blank) | granularity=linear_network; title keyword=Junction,live_recheck,Title suggests point features: consider granularity=point_facility
Counties,863,haldimand_county,,Water_JOINT_Junction,reviewed_relevant,a;c,licence=(blank) | granularity=linear_network; title keyword=Junction,live_recheck,Title suggests point features: consider granularity=point_facility
Counties,865,haldimand_county,,Water_FIRELINE_Line,reviewed_relevant,a,licence=(blank),live_recheck,
Counties,867,haldimand_county,,Erosion Hazard Limit,reviewed_relevant,a;c,licence=(blank) | granularity=unspecified; category=environmental_constraint,live_recheck,
Counties,868,haldimand_county,,Storm_TURFDRAIN_Junction,reviewed_relevant,a;c,licence=(blank) | granularity=linear_network; title keyword=Junction,live_recheck,Title suggests point features: consider granularity=point_facility
Counties,869,haldimand_county,,Storm_DOUBLECATCHBASINMANHOLE_Junction,reviewed_relevant,a;c,licence=(blank) | granularity=linear_network; title keyword=Junction,live_recheck,Title suggests point features: consider granularity=point_facility
Counties,870,haldimand_county,,Water_CHLORINESTATION_Junction,reviewed_relevant,a,licence=(blank),live_recheck,
Counties,871,haldimand_county,,Water_DEPOT_Junction,reviewed_relevant,a;c,licence=(blank) | granularity=linear_network; title keyword=Junction,live_recheck,Title suggests point features: consider granularity=point_facility
Counties,872,haldimand_county,,Water_TOWER_Junction,reviewed_relevant,a;c,licence=(blank) | granularity=linear_network; title keyword=Junction,live_recheck,Title suggests point features: consider granularity=point_facility
Counties,873,haldimand_county,,Water_HOSEBIB_Junction,reviewed_relevant,a;c,licence=(blank) | granularity=linear_network; title keyword=Junction,live_recheck,Title suggests point features: consider granularity=point_facility
Counties,874,haldimand_county,,Water_WATERTOWER_Junction,reviewed_relevant,a;c,licence=(blank) | granularity=linear_network; title keyword=Junction,live_recheck,Title suggests point features: consider granularity=point_facility
Counties,875,haldimand_county,,Water_AUTOFLUSH_Junction,reviewed_relevant,a;c,licence=(blank) | granularity=linear_network; title keyword=Junction,live_recheck,Title suggests point features: consider granularity=point_facility
Counties,876,haldimand_county,,Storm_REPAIR_Junction,reviewed_relevant,a;c,licence=(blank) | granularity=linear_network; title keyword=Junction,live_recheck,Title suggests point features: consider granularity=point_facility
Counties,877,haldimand_county,,Natural Gas Resource Area,reviewed_relevant,a,licence=(blank),live_recheck,
Counties,878,haldimand_county,,Planning Applications,reviewed_relevant,a;c,licence=(blank) | granularity=unspecified; category=other,live_recheck,
Counties,879,haldimand_county,,Riverine Hazard Lands,reviewed_relevant,a;c,licence=(blank) | granularity=unspecified; category=environmental_constraint,live_recheck,
Counties,882,haldimand_county,,Secondary Plan Area,reviewed_relevant,a,licence=(blank),live_recheck,
Counties,884,haldimand_county,,Storm_DITCHINLET_Junction,reviewed_relevant,a;c,licence=(blank) | granularity=linear_network; title keyword=Junction,live_recheck,Title suggests point features: consider granularity=point_facility
Counties,885,haldimand_county,,Water_PRIVATEVALVE_Junction,reviewed_relevant,a;c,licence=(blank) | granularity=linear_network; title keyword=Junction,live_recheck,Title suggests point features: consider granularity=point_facility
Counties,886,haldimand_county,,Stable Slope Allowance,reviewed_relevant,a;c,licence=(blank) | granularity=unspecified; category=other,live_recheck,
Counties,888,haldimand_county,,Toe Of Bluff,reviewed_relevant,a;c,licence=(blank) | granularity=unspecified; category=other,live_recheck,
Counties,890,haldimand_county,,Storm_OUTFALLMANHOLE_Junction,reviewed_relevant,a;c,licence=(blank) | granularity=linear_network; title keyword=Junction,live_recheck,Title suggests point features: consider granularity=point_facility
Counties,894,haldimand_county,,Lots Concessions,reviewed_relevant,a;c,licence=(blank) | granularity=unspecified; category=other,live_recheck,
Counties,896,haldimand_county,,Storm_OPENDRAIN_Line,reviewed_relevant,a,licence=(blank),live_recheck,
Counties,897,haldimand_county,,Storm_SUBDRAIN_Line,reviewed_relevant,a,licence=(blank),live_recheck,
Counties,900,haldimand_county,,Settlement Area Boundaries,reviewed_relevant,a,licence=(blank),live_recheck,
Counties,902,haldimand_county,,Water_SAMPLELINK_Line,reviewed_relevant,a,licence=(blank),live_recheck,
Counties,903,haldimand_county,,Water_STANDPIPE_Junction,reviewed_relevant,a;c,licence=(blank) | granularity=linear_network; title keyword=Junction,live_recheck,Title suggests point features: consider granularity=point_facility
Counties,904,haldimand_county,,Water_SAMPLESTATION_Junction,reviewed_relevant,a,licence=(blank),live_recheck,
Counties,913,norfolk_county,,Parcels,curated_relevant,f,domain_primary=; domain_tags=high; domain_confidence=parcel_or_property; granularity=current_ongoing; temporal_nature=none; sensitivity_flag=industrial_siting_and_land_assessment; suggested_use_case=,review,"Shift domain_tags..sensitivity_flag one column right: domain_confidence=high, granularity=parcel_or_property, temporal_nature=current_ongoing, sensitivity_flag=none, suggested_use_case=industrial_siting_and_land_assessment, domain_tags blank; then assign domain_primary (relevance_match is Property, Land Use & Zoning); after shift this is a parcel row with sensitivity none: review for owner PII"
Counties,914,norfolk_county,,Civic Addresses,curated_relevant,f,domain_primary=; domain_tags=high; domain_confidence=point_facility; granularity=current_ongoing; temporal_nature=none; sensitivity_flag=industrial_siting_and_land_assessment; suggested_use_case=,review,"Shift domain_tags..sensitivity_flag one column right: domain_confidence=high, granularity=point_facility, temporal_nature=current_ongoing, sensitivity_flag=none, suggested_use_case=industrial_siting_and_land_assessment, domain_tags blank; then assign domain_primary (relevance_match is Property, Land Use & Zoning)"
Counties,915,monroe_county_ny,,Planning/CDBG_Low_Mod_Upper_Quartile,reviewed_relevant,a,"licence=not stated -- same server as Parcels_Public, licenceInfo blank there too",review,
Counties,917,monroe_county_ny,,DES/Fiber_Optic_Viewer,reviewed_relevant,a,"licence=not stated -- same server as Parcels_Public, licenceInfo blank there too",review,
Counties,927,monroe_county_ny,,Imagery/Historic_Imagery_1930,reviewed_relevant,a,licence=not stated,review,
Counties,928,monroe_county_ny,,Imagery/Historic_Imagery_1951,reviewed_relevant,a,licence=not stated,review,
Counties,929,monroe_county_ny,,Imagery/Historic_Imagery_1961,reviewed_relevant,a,licence=not stated,review,
Counties,930,monroe_county_ny,,Imagery/Historic_Imagery_1970,reviewed_relevant,a,licence=not stated,review,
Counties,931,monroe_county_ny,,Imagery/Historic_Imagery_1980,reviewed_relevant,a,licence=not stated,review,
Counties,932,monroe_county_ny,,Imagery/Historic_Imagery_1988,reviewed_relevant,a,licence=not stated,review,
Counties,933,monroe_county_ny,,Imagery/Historic_Imagery_1999,reviewed_relevant,a,licence=not stated,review,
Counties,962,erie_county_ny,,USDA SSURGO Soil Survey (NY029),reviewed_relevant,e,public_url=https://sdmdataaccess.nrcs.usda.gov/Tabular/post.rest; catalogue_url=https://sdmdataaccess.nrcs.usda.gov/WebServiceHelp.aspx; format=T-SQL query API (JSON/XML response),live_recheck,
Counties,963,niagara_county_ny,,USDA SSURGO Soil Survey (NY664),reviewed_relevant,e,public_url=https://sdmdataaccess.nrcs.usda.gov/Tabular/post.rest; catalogue_url=https://sdmdataaccess.nrcs.usda.gov/WebServiceHelp.aspx; format=T-SQL query API (JSON/XML response),live_recheck,
Counties,964,chautauqua_county_ny,,USDA SSURGO Soil Survey (NY013),reviewed_relevant,e,public_url=https://sdmdataaccess.nrcs.usda.gov/Tabular/post.rest; catalogue_url=https://sdmdataaccess.nrcs.usda.gov/WebServiceHelp.aspx; format=T-SQL query API (JSON/XML response),live_recheck,
Counties,965,cattaraugus_county_ny,,USDA SSURGO Soil Survey (NY009),reviewed_relevant,e,public_url=https://sdmdataaccess.nrcs.usda.gov/Tabular/post.rest; catalogue_url=https://sdmdataaccess.nrcs.usda.gov/WebServiceHelp.aspx; format=T-SQL query API (JSON/XML response),live_recheck,
Counties,966,wyoming_county_ny,,USDA SSURGO Soil Survey (NY121),reviewed_relevant,e,public_url=https://sdmdataaccess.nrcs.usda.gov/Tabular/post.rest; catalogue_url=https://sdmdataaccess.nrcs.usda.gov/WebServiceHelp.aspx; format=T-SQL query API (JSON/XML response),live_recheck,
Counties,967,genesee_county_ny,,USDA SSURGO Soil Survey (NY037),reviewed_relevant,e,public_url=https://sdmdataaccess.nrcs.usda.gov/Tabular/post.rest; catalogue_url=https://sdmdataaccess.nrcs.usda.gov/WebServiceHelp.aspx; format=T-SQL query API (JSON/XML response),live_recheck,
Counties,968,orleans_county_ny,,USDA SSURGO Soil Survey (NY073),reviewed_relevant,e,public_url=https://sdmdataaccess.nrcs.usda.gov/Tabular/post.rest; catalogue_url=https://sdmdataaccess.nrcs.usda.gov/WebServiceHelp.aspx; format=T-SQL query API (JSON/XML response),live_recheck,
Counties,969,monroe_county_ny,,USDA SSURGO Soil Survey (NY055),reviewed_relevant,e,public_url=https://sdmdataaccess.nrcs.usda.gov/Tabular/post.rest; catalogue_url=https://sdmdataaccess.nrcs.usda.gov/WebServiceHelp.aspx; format=T-SQL query API (JSON/XML response),live_recheck,
Counties,970,monroe_county_ny,,Flood: FEMA Layers (group),reviewed_relevant,a,"licence=not stated -- same server as Parcels_Public, licenceInfo blank there too",review,
Counties,971,monroe_county_ny,,Flood: FEMA CBRS (Coastal Barrier Resources System),reviewed_relevant,a,"licence=not stated -- same server as Parcels_Public, licenceInfo blank there too",review,
Counties,972,monroe_county_ny,,Flood: FEMA DFIRM (Digital Flood Insurance Rate Map),reviewed_relevant,a,"licence=not stated -- same server as Parcels_Public, licenceInfo blank there too",review,
Counties,973,monroe_county_ny,,Flood: Genesee River Flood Layers (group),reviewed_relevant,a,"licence=not stated -- same server as Parcels_Public, licenceInfo blank there too",review,
Counties,974,monroe_county_ny,,"Flood: Genesee River 10,000 CFS",reviewed_relevant,a,"licence=not stated -- same server as Parcels_Public, licenceInfo blank there too",review,
Counties,975,monroe_county_ny,,"Flood: Genesee River 20,000 CFS",reviewed_relevant,a,"licence=not stated -- same server as Parcels_Public, licenceInfo blank there too",review,
Counties,976,monroe_county_ny,,"Flood: Genesee River 30,000 CFS",reviewed_relevant,a,"licence=not stated -- same server as Parcels_Public, licenceInfo blank there too",review,
Counties,977,monroe_county_ny,,"Flood: Genesee River 40,000 CFS",reviewed_relevant,a,"licence=not stated -- same server as Parcels_Public, licenceInfo blank there too",review,
Counties,978,monroe_county_ny,,"Flood: Genesee River 50,000 CFS",reviewed_relevant,a,"licence=not stated -- same server as Parcels_Public, licenceInfo blank there too",review,
Counties,979,monroe_county_ny,,Flood: GRASS Lake Fill Models (group),reviewed_relevant,a,"licence=not stated -- same server as Parcels_Public, licenceInfo blank there too",review,
Counties,980,monroe_county_ny,,Flood: Lake Fill Model 1 ft,reviewed_relevant,a,"licence=not stated -- same server as Parcels_Public, licenceInfo blank there too",review,
Counties,981,monroe_county_ny,,Flood: Lake Fill Model 2 ft,reviewed_relevant,a,"licence=not stated -- same server as Parcels_Public, licenceInfo blank there too",review,
Counties,982,monroe_county_ny,,Flood: Lake Fill Model 3 ft,reviewed_relevant,a,"licence=not stated -- same server as Parcels_Public, licenceInfo blank there too",review,
Counties,983,monroe_county_ny,,Flood: Lake Fill Model 4 ft,reviewed_relevant,a,"licence=not stated -- same server as Parcels_Public, licenceInfo blank there too",review,
Counties,984,monroe_county_ny,,Flood: Lake Ontario NOAA Levels (group),reviewed_relevant,a,"licence=not stated -- same server as Parcels_Public, licenceInfo blank there too",review,
Counties,985,monroe_county_ny,,Flood: Lake Ontario Depth 0 ft,reviewed_relevant,a,"licence=not stated -- same server as Parcels_Public, licenceInfo blank there too",review,
Counties,986,monroe_county_ny,,Flood: Lake Ontario Depth 1 ft,reviewed_relevant,a,"licence=not stated -- same server as Parcels_Public, licenceInfo blank there too",review,
Counties,987,monroe_county_ny,,Flood: Lake Ontario Depth 2 ft,reviewed_relevant,a,"licence=not stated -- same server as Parcels_Public, licenceInfo blank there too",review,
Counties,988,monroe_county_ny,,Flood: Lake Ontario Depth 3 ft,reviewed_relevant,a,"licence=not stated -- same server as Parcels_Public, licenceInfo blank there too",review,
Counties,989,monroe_county_ny,,Flood: Lake Ontario Depth 4 ft,reviewed_relevant,a,"licence=not stated -- same server as Parcels_Public, licenceInfo blank there too",review,
Counties,990,monroe_county_ny,,Flood: Lake Ontario Depth 5 ft,reviewed_relevant,a,"licence=not stated -- same server as Parcels_Public, licenceInfo blank there too",review,
Counties,991,monroe_county_ny,,Flood: Lake Ontario Depth 6 ft,reviewed_relevant,a,"licence=not stated -- same server as Parcels_Public, licenceInfo blank there too",review,
Counties,992,monroe_county_ny,,Flood: Lake Ontario Depth -1 ft,reviewed_relevant,a,"licence=not stated -- same server as Parcels_Public, licenceInfo blank there too",review,
Counties,993,monroe_county_ny,,Flood: Lake Ontario Depth -2 ft,reviewed_relevant,a,"licence=not stated -- same server as Parcels_Public, licenceInfo blank there too",review,
Counties,994,monroe_county_ny,,Flood: Lake Ontario Depth -3 ft,reviewed_relevant,a,"licence=not stated -- same server as Parcels_Public, licenceInfo blank there too",review,
Counties,995,monroe_county_ny,,Flood: Lake Ontario Depth -4 ft,reviewed_relevant,a,"licence=not stated -- same server as Parcels_Public, licenceInfo blank there too",review,
Counties,996,monroe_county_ny,,Flood: Lake Ontario Depth -5 ft,reviewed_relevant,a,"licence=not stated -- same server as Parcels_Public, licenceInfo blank there too",review,
Counties,997,monroe_county_ny,,Flood: Lake Ontario Depth -6 ft,reviewed_relevant,a,"licence=not stated -- same server as Parcels_Public, licenceInfo blank there too",review,
Counties,998,monroe_county_ny,,DRC Review: Airport Review,reviewed_relevant,a,"licence=not stated -- same server as Parcels_Public, licenceInfo blank there too",review,
Counties,999,monroe_county_ny,,DRC Review: Runway Protection Zone,reviewed_relevant,a,"licence=not stated -- same server as Parcels_Public, licenceInfo blank there too",review,
Counties,1000,monroe_county_ny,,DRC Review: Approach/Departure Corridor,reviewed_relevant,a,"licence=not stated -- same server as Parcels_Public, licenceInfo blank there too",review,
Counties,1001,monroe_county_ny,,DRC Review: Airport Noise Contour,reviewed_relevant,a,"licence=not stated -- same server as Parcels_Public, licenceInfo blank there too",review,
Counties,1002,monroe_county_ny,,DRC Review: Airport Property,reviewed_relevant,a,"licence=not stated -- same server as Parcels_Public, licenceInfo blank there too",review,
Counties,1003,monroe_county_ny,,DRC Review: Airport 1-Mile-Buffer Area,reviewed_relevant,a,"licence=not stated -- same server as Parcels_Public, licenceInfo blank there too",review,
Counties,1004,monroe_county_ny,,DRC Review: Airport 7-Mile-Buffer Area,reviewed_relevant,a,"licence=not stated -- same server as Parcels_Public, licenceInfo blank there too",review,
Counties,1005,monroe_county_ny,,DRC Review: 239 Review,reviewed_relevant,a,"licence=not stated -- same server as Parcels_Public, licenceInfo blank there too",review,
Counties,1006,monroe_county_ny,,DRC Review: Municipal Boundary 500-feet Buffer Area,reviewed_relevant,a,"licence=not stated -- same server as Parcels_Public, licenceInfo blank there too",review,
Counties,1007,monroe_county_ny,,DRC Review: County/State Park 500-feet Buffer Area,reviewed_relevant,a,"licence=not stated -- same server as Parcels_Public, licenceInfo blank there too",review,
Counties,1008,monroe_county_ny,,DRC Review: County Property 500-feet Buffer Area,reviewed_relevant,a,"licence=not stated -- same server as Parcels_Public, licenceInfo blank there too",review,
Counties,1009,monroe_county_ny,,DRC Review: State Property 500-feet Buffer Area,reviewed_relevant,a,"licence=not stated -- same server as Parcels_Public, licenceInfo blank there too",review,
Counties,1010,monroe_county_ny,,DRC Review: County/State Road 500-feet Buffer Area,reviewed_relevant,a,"licence=not stated -- same server as Parcels_Public, licenceInfo blank there too",review,
Counties,1011,monroe_county_ny,,DRC Review: Agricultural District 500-feet Buffer Area,reviewed_relevant,a,"licence=not stated -- same server as Parcels_Public, licenceInfo blank there too",review,
Counties,1012,monroe_county_ny,,DRC Review: County Charter Review,reviewed_relevant,a,"licence=not stated -- same server as Parcels_Public, licenceInfo blank there too",review,
Counties,1013,monroe_county_ny,,DRC Review: Major Streams,reviewed_relevant,a,"licence=not stated -- same server as Parcels_Public, licenceInfo blank there too",review,
Counties,1014,monroe_county_ny,,DRC Review: FEMA 100 Year Flood Zone,reviewed_relevant,a,"licence=not stated -- same server as Parcels_Public, licenceInfo blank there too",review,
Counties,1015,monroe_county_ny,,DRC Review: Lake Ontario Shoreline 1/4 Mile Buffer Area,reviewed_relevant,a,"licence=not stated -- same server as Parcels_Public, licenceInfo blank there too",review,
Counties,1016,monroe_county_ny,,DRC Review: Irondequoit Bay 1/4 Mile Buffer Area,reviewed_relevant,a,"licence=not stated -- same server as Parcels_Public, licenceInfo blank there too",review,
Counties,1017,monroe_county_ny,,Sewer: Brighton,reviewed_relevant,a,"licence=not stated -- same server as Parcels_Public, licenceInfo blank there too",review,
Counties,1018,monroe_county_ny,,Sewer: Brighton Storm Inlets,reviewed_relevant,a;b;c,"licence=not stated -- same server as Parcels_Public, licenceInfo blank there too | sensitivity_flag=business_operator_identifier | granularity=linear_network; title keyword=Inlet",review,Value not in README vocabulary: add it to the vocabulary or remap; Title suggests point features: consider granularity=point_facility
Counties,1019,monroe_county_ny,,Sewer: Brighton Sanitary Nodes,reviewed_relevant,a;b;c,"licence=not stated -- same server as Parcels_Public, licenceInfo blank there too | sensitivity_flag=business_operator_identifier | granularity=linear_network; title keyword=Node",review,Value not in README vocabulary: add it to the vocabulary or remap; Title suggests point features: consider granularity=point_facility
Counties,1020,monroe_county_ny,,Sewer: Brighton Storm Nodes,reviewed_relevant,a;b;c,"licence=not stated -- same server as Parcels_Public, licenceInfo blank there too | sensitivity_flag=business_operator_identifier | granularity=linear_network; title keyword=Node",review,Value not in README vocabulary: add it to the vocabulary or remap; Title suggests point features: consider granularity=point_facility
Counties,1021,monroe_county_ny,,Sewer: Brighton Sanitary Mains,reviewed_relevant,a;b,"licence=not stated -- same server as Parcels_Public, licenceInfo blank there too | sensitivity_flag=business_operator_identifier",review,Value not in README vocabulary: add it to the vocabulary or remap
Counties,1022,monroe_county_ny,,Sewer: Brighton Storm Mains,reviewed_relevant,a;b,"licence=not stated -- same server as Parcels_Public, licenceInfo blank there too | sensitivity_flag=business_operator_identifier",review,Value not in README vocabulary: add it to the vocabulary or remap
Counties,1023,monroe_county_ny,,Sewer: Chili,reviewed_relevant,a,"licence=not stated -- same server as Parcels_Public, licenceInfo blank there too",review,
Counties,1024,monroe_county_ny,,Sewer: Chili Storm Inlets,reviewed_relevant,a;b;c,"licence=not stated -- same server as Parcels_Public, licenceInfo blank there too | sensitivity_flag=infrastructure_ownership_attribute | granularity=linear_network; title keyword=Inlet",review,Value not in README vocabulary: add it to the vocabulary or remap; Title suggests point features: consider granularity=point_facility
Counties,1025,monroe_county_ny,,Sewer: Chili Storm Nodes,reviewed_relevant,a;b;c,"licence=not stated -- same server as Parcels_Public, licenceInfo blank there too | sensitivity_flag=infrastructure_ownership_attribute | granularity=linear_network; title keyword=Node",review,Value not in README vocabulary: add it to the vocabulary or remap; Title suggests point features: consider granularity=point_facility
Counties,1026,monroe_county_ny,,Sewer: Chili Storm Mains,reviewed_relevant,a;b,"licence=not stated -- same server as Parcels_Public, licenceInfo blank there too | sensitivity_flag=business_operator_identifier",review,Value not in README vocabulary: add it to the vocabulary or remap
Counties,1027,monroe_county_ny,,Sewer: Village of Brockport,reviewed_relevant,a,"licence=not stated -- same server as Parcels_Public, licenceInfo blank there too",review,
Counties,1028,monroe_county_ny,,Sewer: Brockport Storm Inlets,reviewed_relevant,a;b;c,"licence=not stated -- same server as Parcels_Public, licenceInfo blank there too | sensitivity_flag=infrastructure_ownership_attribute | granularity=linear_network; title keyword=Inlet",review,Value not in README vocabulary: add it to the vocabulary or remap; Title suggests point features: consider granularity=point_facility
Counties,1029,monroe_county_ny,,Sewer: Brockport Sewer Nodes,reviewed_relevant,a;b;c,"licence=not stated -- same server as Parcels_Public, licenceInfo blank there too | sensitivity_flag=infrastructure_ownership_attribute | granularity=linear_network; title keyword=Node",review,Value not in README vocabulary: add it to the vocabulary or remap; Title suggests point features: consider granularity=point_facility
Counties,1030,monroe_county_ny,,Sewer: Brockport Sewer Mains,reviewed_relevant,a;b,"licence=not stated -- same server as Parcels_Public, licenceInfo blank there too | sensitivity_flag=business_operator_identifier",review,Value not in README vocabulary: add it to the vocabulary or remap
Counties,1031,monroe_county_ny,,Sewer: Village of East Rochester,reviewed_relevant,a,"licence=not stated -- same server as Parcels_Public, licenceInfo blank there too",review,
Counties,1032,monroe_county_ny,,Sewer: East Rochester Storm Inlets,reviewed_relevant,a;b;c,"licence=not stated -- same server as Parcels_Public, licenceInfo blank there too | sensitivity_flag=infrastructure_ownership_attribute | granularity=linear_network; title keyword=Inlet",review,Value not in README vocabulary: add it to the vocabulary or remap; Title suggests point features: consider granularity=point_facility
Counties,1033,monroe_county_ny,,Sewer: East Rochester Sewer Nodes,reviewed_relevant,a;b;c,"licence=not stated -- same server as Parcels_Public, licenceInfo blank there too | sensitivity_flag=infrastructure_ownership_attribute | granularity=linear_network; title keyword=Node",review,Value not in README vocabulary: add it to the vocabulary or remap; Title suggests point features: consider granularity=point_facility
Counties,1034,monroe_county_ny,,Sewer: East Rochester Sewer Mains,reviewed_relevant,a;b,"licence=not stated -- same server as Parcels_Public, licenceInfo blank there too | sensitivity_flag=business_operator_identifier",review,Value not in README vocabulary: add it to the vocabulary or remap
Counties,1035,monroe_county_ny,,Sewer: East Rochester Storm Laterals,reviewed_relevant,a;b,"licence=not stated -- same server as Parcels_Public, licenceInfo blank there too | sensitivity_flag=business_operator_identifier",review,Value not in README vocabulary: add it to the vocabulary or remap
Counties,1036,monroe_county_ny,,Sewer: Village of Fairport,reviewed_relevant,a,"licence=not stated -- same server as Parcels_Public, licenceInfo blank there too",review,
Counties,1037,monroe_county_ny,,Sewer: Fairport Storm Inlets,reviewed_relevant,a;b;c,"licence=not stated -- same server as Parcels_Public, licenceInfo blank there too | sensitivity_flag=infrastructure_ownership_attribute | granularity=linear_network; title keyword=Inlet",review,Value not in README vocabulary: add it to the vocabulary or remap; Title suggests point features: consider granularity=point_facility
Counties,1038,monroe_county_ny,,Sewer: Fairport Sewer Nodes,reviewed_relevant,a;b;c,"licence=not stated -- same server as Parcels_Public, licenceInfo blank there too | sensitivity_flag=infrastructure_ownership_attribute | granularity=linear_network; title keyword=Node",review,Value not in README vocabulary: add it to the vocabulary or remap; Title suggests point features: consider granularity=point_facility
Counties,1039,monroe_county_ny,,Sewer: Gates,reviewed_relevant,a,"licence=not stated -- same server as Parcels_Public, licenceInfo blank there too",review,
Counties,1040,monroe_county_ny,,Sewer: Gates Storm Inlets,reviewed_relevant,a;b;c,"licence=not stated -- same server as Parcels_Public, licenceInfo blank there too | sensitivity_flag=infrastructure_ownership_attribute | granularity=linear_network; title keyword=Inlet",review,Value not in README vocabulary: add it to the vocabulary or remap; Title suggests point features: consider granularity=point_facility
Counties,1041,monroe_county_ny,,Sewer: Henrietta,reviewed_relevant,a,"licence=not stated -- same server as Parcels_Public, licenceInfo blank there too",review,
Counties,1042,monroe_county_ny,,Sewer: Henrietta Storm Inlets,reviewed_relevant,a;b;c,"licence=not stated -- same server as Parcels_Public, licenceInfo blank there too | sensitivity_flag=infrastructure_ownership_attribute | granularity=linear_network; title keyword=Inlet",review,Value not in README vocabulary: add it to the vocabulary or remap; Title suggests point features: consider granularity=point_facility
Counties,1043,monroe_county_ny,,Sewer: Henrietta Sewer Nodes,reviewed_relevant,a;b;c,"licence=not stated -- same server as Parcels_Public, licenceInfo blank there too | sensitivity_flag=infrastructure_ownership_attribute | granularity=linear_network; title keyword=Node",review,Value not in README vocabulary: add it to the vocabulary or remap; Title suggests point features: consider granularity=point_facility
Counties,1044,monroe_county_ny,,Sewer: Henrietta Sewer Mains,reviewed_relevant,a;b,"licence=not stated -- same server as Parcels_Public, licenceInfo blank there too | sensitivity_flag=business_operator_identifier",review,Value not in README vocabulary: add it to the vocabulary or remap
Counties,1045,monroe_county_ny,,Sewer: Henrietta Storm Laterals,reviewed_relevant,a;b,"licence=not stated -- same server as Parcels_Public, licenceInfo blank there too | sensitivity_flag=business_operator_identifier",review,Value not in README vocabulary: add it to the vocabulary or remap
Counties,1046,monroe_county_ny,,Sewer: Village of Hilton,reviewed_relevant,a,"licence=not stated -- same server as Parcels_Public, licenceInfo blank there too",review,
Counties,1047,monroe_county_ny,,Sewer: Hilton Assets,reviewed_relevant,a,"licence=not stated -- same server as Parcels_Public, licenceInfo blank there too",review,
Counties,1048,monroe_county_ny,,Sewer: Hilton Fire Hydrant,reviewed_relevant,a;c,"licence=not stated -- same server as Parcels_Public, licenceInfo blank there too | granularity=linear_network; title keyword=Hydrant",review,Title suggests point features: consider granularity=point_facility
Counties,1049,monroe_county_ny,,Sewer: Hilton Water Valve,reviewed_relevant,a;c,"licence=not stated -- same server as Parcels_Public, licenceInfo blank there too | granularity=linear_network; title keyword=Valve",review,Title suggests point features: consider granularity=point_facility
Counties,1050,monroe_county_ny,,Sewer: Hilton Street Stop Sign,reviewed_relevant,a,"licence=not stated -- same server as Parcels_Public, licenceInfo blank there too",review,
Counties,1051,monroe_county_ny,,Sewer: Hilton Street Sign,reviewed_relevant,a,"licence=not stated -- same server as Parcels_Public, licenceInfo blank there too",review,
Counties,1052,monroe_county_ny,,Sewer: Hilton Street Light,reviewed_relevant,a,"licence=not stated -- same server as Parcels_Public, licenceInfo blank there too",review,
Counties,1053,monroe_county_ny,,Sewer: Hilton Stop Sign,reviewed_relevant,a,"licence=not stated -- same server as Parcels_Public, licenceInfo blank there too",review,
Counties,1054,monroe_county_ny,,Sewer: Hilton Storm Inlets,reviewed_relevant,a;b;c,"licence=not stated -- same server as Parcels_Public, licenceInfo blank there too | sensitivity_flag=infrastructure_ownership_attribute | granularity=linear_network; title keyword=Inlet",review,Value not in README vocabulary: add it to the vocabulary or remap; Title suggests point features: consider granularity=point_facility
Counties,1055,monroe_county_ny,,Sewer: Hilton Sanitary Nodes,reviewed_relevant,a;c,"licence=not stated -- same server as Parcels_Public, licenceInfo blank there too | granularity=linear_network; title keyword=Node",review,Title suggests point features: consider granularity=point_facility
Counties,1056,monroe_county_ny,,Sewer: Hilton Storm Nodes,reviewed_relevant,a;c,"licence=not stated -- same server as Parcels_Public, licenceInfo blank there too | granularity=linear_network; title keyword=Node",review,Title suggests point features: consider granularity=point_facility
Counties,1057,monroe_county_ny,,Sewer: Hilton Sewers,reviewed_relevant,a;b,"licence=not stated -- same server as Parcels_Public, licenceInfo blank there too | sensitivity_flag=business_operator_identifier",review,Value not in README vocabulary: add it to the vocabulary or remap
Counties,1058,monroe_county_ny,,Sewer: Irondequoit,reviewed_relevant,a,"licence=not stated -- same server as Parcels_Public, licenceInfo blank there too",review,
Counties,1059,monroe_county_ny,,Sewer: Irondequoit Storm Inlets,reviewed_relevant,a;b;c,"licence=not stated -- same server as Parcels_Public, licenceInfo blank there too | sensitivity_flag=infrastructure_ownership_attribute | granularity=linear_network; title keyword=Inlet",review,Value not in README vocabulary: add it to the vocabulary or remap; Title suggests point features: consider granularity=point_facility
Counties,1060,monroe_county_ny,,Sewer: Irondequoit Sewer Nodes,reviewed_relevant,a;b;c,"licence=not stated -- same server as Parcels_Public, licenceInfo blank there too | sensitivity_flag=infrastructure_ownership_attribute | granularity=linear_network; title keyword=Node",review,Value not in README vocabulary: add it to the vocabulary or remap; Title suggests point features: consider granularity=point_facility
Counties,1061,monroe_county_ny,,Sewer: Irondequoit Sewer Mains,reviewed_relevant,a;b,"licence=not stated -- same server as Parcels_Public, licenceInfo blank there too | sensitivity_flag=business_operator_identifier",review,Value not in README vocabulary: add it to the vocabulary or remap
Counties,1062,monroe_county_ny,,Sewer: Irondequoit Storm Laterals,reviewed_relevant,a;b,"licence=not stated -- same server as Parcels_Public, licenceInfo blank there too | sensitivity_flag=business_operator_identifier",review,Value not in README vocabulary: add it to the vocabulary or remap
Counties,1063,monroe_county_ny,,Sewer: Ogden,reviewed_relevant,a,"licence=not stated -- same server as Parcels_Public, licenceInfo blank there too",review,
Counties,1064,monroe_county_ny,,Sewer: Ogden Culverts,reviewed_relevant,a,"licence=not stated -- same server as Parcels_Public, licenceInfo blank there too",review,
Counties,1065,monroe_county_ny,,Sewer: Ogden Storm Inlets,reviewed_relevant,a;b;c,"licence=not stated -- same server as Parcels_Public, licenceInfo blank there too | sensitivity_flag=infrastructure_ownership_attribute | granularity=linear_network; title keyword=Inlet",review,Value not in README vocabulary: add it to the vocabulary or remap; Title suggests point features: consider granularity=point_facility
Counties,1066,monroe_county_ny,,Sewer: Penfield,reviewed_relevant,a,"licence=not stated -- same server as Parcels_Public, licenceInfo blank there too",review,
Counties,1067,monroe_county_ny,,Sewer: Penfield Storm Inlets,reviewed_relevant,a;b;c,"licence=not stated -- same server as Parcels_Public, licenceInfo blank there too | sensitivity_flag=infrastructure_ownership_attribute | granularity=linear_network; title keyword=Inlet",review,Value not in README vocabulary: add it to the vocabulary or remap; Title suggests point features: consider granularity=point_facility
Counties,1068,monroe_county_ny,,Sewer: Penfield Sewer Nodes,reviewed_relevant,a;b;c,"licence=not stated -- same server as Parcels_Public, licenceInfo blank there too | sensitivity_flag=infrastructure_ownership_attribute | granularity=linear_network; title keyword=Node",review,Value not in README vocabulary: add it to the vocabulary or remap; Title suggests point features: consider granularity=point_facility
Counties,1069,monroe_county_ny,,Sewer: Penfield Sewer Mains,reviewed_relevant,a;b,"licence=not stated -- same server as Parcels_Public, licenceInfo blank there too | sensitivity_flag=business_operator_identifier",review,Value not in README vocabulary: add it to the vocabulary or remap
Counties,1070,monroe_county_ny,,Sewer: Penfield Storm Laterals,reviewed_relevant,a;b,"licence=not stated -- same server as Parcels_Public, licenceInfo blank there too | sensitivity_flag=business_operator_identifier",review,Value not in README vocabulary: add it to the vocabulary or remap
Counties,1071,monroe_county_ny,,Sewer: Spencerport,reviewed_relevant,a,"licence=not stated -- same server as Parcels_Public, licenceInfo blank there too",review,
Counties,1072,monroe_county_ny,,Sewer: Spencerport Sewer Nodes,reviewed_relevant,a;c,"licence=not stated -- same server as Parcels_Public, licenceInfo blank there too | granularity=linear_network; title keyword=Node",review,Title suggests point features: consider granularity=point_facility
Counties,1073,monroe_county_ny,,Sewer: Spencerport Sewer Mains,reviewed_relevant,a,"licence=not stated -- same server as Parcels_Public, licenceInfo blank there too",review,
Counties,1074,monroe_county_ny,,Sewer: Town of Pittsford,reviewed_relevant,a,"licence=not stated -- same server as Parcels_Public, licenceInfo blank there too",review,
Counties,1075,monroe_county_ny,,Sewer: Town of Pittsford Sanitary Pump Station,reviewed_relevant,a;c,"licence=not stated -- same server as Parcels_Public, licenceInfo blank there too | granularity=linear_network; title keyword=Station",review,Title suggests point features: consider granularity=point_facility
Counties,1076,monroe_county_ny,,Sewer: Town of Pittsford Sanitary Nodes,reviewed_relevant,a;b;c,"licence=not stated -- same server as Parcels_Public, licenceInfo blank there too | sensitivity_flag=business_operator_identifier | granularity=linear_network; title keyword=Node",review,Value not in README vocabulary: add it to the vocabulary or remap; Title suggests point features: consider granularity=point_facility
Counties,1077,monroe_county_ny,,Sewer: Town of Pittsford Sanitary Mains,reviewed_relevant,a;b,"licence=not stated -- same server as Parcels_Public, licenceInfo blank there too | sensitivity_flag=business_operator_identifier",review,Value not in README vocabulary: add it to the vocabulary or remap
Counties,1078,monroe_county_ny,,Sewer: Village of Pittsford,reviewed_relevant,a,"licence=not stated -- same server as Parcels_Public, licenceInfo blank there too",review,
Counties,1079,monroe_county_ny,,Sewer: Village of Pittsford Sanitary Nodes,reviewed_relevant,a;b;c,"licence=not stated -- same server as Parcels_Public, licenceInfo blank there too | sensitivity_flag=infrastructure_ownership_attribute | granularity=linear_network; title keyword=Node",review,Value not in README vocabulary: add it to the vocabulary or remap; Title suggests point features: consider granularity=point_facility
Counties,1080,monroe_county_ny,,Sewer: Village of Pittsford Storm Inlets,reviewed_relevant,a;b;c,"licence=not stated -- same server as Parcels_Public, licenceInfo blank there too | sensitivity_flag=infrastructure_ownership_attribute | granularity=linear_network; title keyword=Inlet",review,Value not in README vocabulary: add it to the vocabulary or remap; Title suggests point features: consider granularity=point_facility
Counties,1081,monroe_county_ny,,Sewer: Village of Pittsford Sanitary Mains,reviewed_relevant,a;b,"licence=not stated -- same server as Parcels_Public, licenceInfo blank there too | sensitivity_flag=business_operator_identifier",review,Value not in README vocabulary: add it to the vocabulary or remap
Counties,1082,monroe_county_ny,,Sewer: Village of Pittsford Storm Laterals,reviewed_relevant,a;b,"licence=not stated -- same server as Parcels_Public, licenceInfo blank there too | sensitivity_flag=business_operator_identifier",review,Value not in README vocabulary: add it to the vocabulary or remap
Counties,1083,monroe_county_ny,,Sewer: Village of Pittsford Outfalls,reviewed_relevant,a,"licence=not stated -- same server as Parcels_Public, licenceInfo blank there too",review,
Counties,1084,monroe_county_ny,,Sewer: Village of Scottsville,reviewed_relevant,a,"licence=not stated -- same server as Parcels_Public, licenceInfo blank there too",review,
Counties,1085,monroe_county_ny,,Sewer: Village of Scottsville Pump Station,reviewed_relevant,a;c,"licence=not stated -- same server as Parcels_Public, licenceInfo blank there too | granularity=linear_network; title keyword=Station",review,Title suggests point features: consider granularity=point_facility
Counties,1086,monroe_county_ny,,Sewer: Village of Scottsville Sanitary Nodes,reviewed_relevant,a;c,"licence=not stated -- same server as Parcels_Public, licenceInfo blank there too | granularity=linear_network; title keyword=Node",review,Title suggests point features: consider granularity=point_facility
Counties,1087,monroe_county_ny,,Sewer: Village of Scottsville Sanitary Mains,reviewed_relevant,a;b,"licence=not stated -- same server as Parcels_Public, licenceInfo blank there too | sensitivity_flag=infrastructure_ownership_attribute",review,Value not in README vocabulary: add it to the vocabulary or remap
Counties,1088,monroe_county_ny,,Sewer: Village of Webster,reviewed_relevant,a,"licence=not stated -- same server as Parcels_Public, licenceInfo blank there too",review,
Counties,1089,monroe_county_ny,,Sewer: Village of Webster Storm Inlets,reviewed_relevant,a;b;c,"licence=not stated -- same server as Parcels_Public, licenceInfo blank there too | sensitivity_flag=infrastructure_ownership_attribute | granularity=linear_network; title keyword=Inlet",review,Value not in README vocabulary: add it to the vocabulary or remap; Title suggests point features: consider granularity=point_facility
Counties,1090,monroe_county_ny,,Sewer: Village of Webster Sewer Nodes,reviewed_relevant,a;b;c,"licence=not stated -- same server as Parcels_Public, licenceInfo blank there too | sensitivity_flag=infrastructure_ownership_attribute | granularity=linear_network; title keyword=Node",review,Value not in README vocabulary: add it to the vocabulary or remap; Title suggests point features: consider granularity=point_facility
Counties,1091,monroe_county_ny,,Sewer: Village of Webster Sewer Mains,reviewed_relevant,a;b,"licence=not stated -- same server as Parcels_Public, licenceInfo blank there too | sensitivity_flag=business_operator_identifier",review,Value not in README vocabulary: add it to the vocabulary or remap
Counties,1092,monroe_county_ny,,Sewer: Village of Webster Storm Laterals,reviewed_relevant,a;b,"licence=not stated -- same server as Parcels_Public, licenceInfo blank there too | sensitivity_flag=business_operator_identifier",review,Value not in README vocabulary: add it to the vocabulary or remap
Counties,1093,monroe_county_ny,,Sewer: Webster,reviewed_relevant,a,"licence=not stated -- same server as Parcels_Public, licenceInfo blank there too",review,
Counties,1094,monroe_county_ny,,Sewer: Webster Storm Inlets,reviewed_relevant,a;c,"licence=not stated -- same server as Parcels_Public, licenceInfo blank there too | granularity=linear_network; title keyword=Inlet",review,Title suggests point features: consider granularity=point_facility
Counties,1095,monroe_county_ny,,Sewer: Webster Storm Manholes,reviewed_relevant,a,"licence=not stated -- same server as Parcels_Public, licenceInfo blank there too",review,
Counties,1096,monroe_county_ny,,Sewer: Webster Sanitary Manholes,reviewed_relevant,a,"licence=not stated -- same server as Parcels_Public, licenceInfo blank there too",review,
Counties,1097,monroe_county_ny,,Sewer: Webster Sanitary Mains,reviewed_relevant,a,"licence=not stated -- same server as Parcels_Public, licenceInfo blank there too",review,
Counties,1098,monroe_county_ny,,Sewer: Webster Storm Mains,reviewed_relevant,a,"licence=not stated -- same server as Parcels_Public, licenceInfo blank there too",review,
Counties,1099,monroe_county_ny,,Sewer: Webster Storm Culvert,reviewed_relevant,a,"licence=not stated -- same server as Parcels_Public, licenceInfo blank there too",review,
Counties,1100,monroe_county_ny,,Sewer: Greece,reviewed_relevant,a,"licence=not stated -- same server as Parcels_Public, licenceInfo blank there too",review,
Counties,1101,monroe_county_ny,,Sewer: Greece Storm Manholes,reviewed_relevant,a;b,"licence=not stated -- same server as Parcels_Public, licenceInfo blank there too | sensitivity_flag=infrastructure_ownership_attribute",review,Value not in README vocabulary: add it to the vocabulary or remap
Counties,1102,monroe_county_ny,,Sewer: Greece Sanitary Manholes,reviewed_relevant,a;b,"licence=not stated -- same server as Parcels_Public, licenceInfo blank there too | sensitivity_flag=infrastructure_ownership_attribute",review,Value not in README vocabulary: add it to the vocabulary or remap
Counties,1103,monroe_county_ny,,Sewer: Greece Catch Basins,reviewed_relevant,a;b,"licence=not stated -- same server as Parcels_Public, licenceInfo blank there too | sensitivity_flag=infrastructure_ownership_attribute",review,Value not in README vocabulary: add it to the vocabulary or remap
Counties,1104,monroe_county_ny,,Sewer: Greece Storm Mains,reviewed_relevant,a;b,"licence=not stated -- same server as Parcels_Public, licenceInfo blank there too | sensitivity_flag=infrastructure_ownership_attribute",review,Value not in README vocabulary: add it to the vocabulary or remap
Counties,1105,monroe_county_ny,,Sewer: Greece Sanitary Mains,reviewed_relevant,a;b,"licence=not stated -- same server as Parcels_Public, licenceInfo blank there too | sensitivity_flag=infrastructure_ownership_attribute",review,Value not in README vocabulary: add it to the vocabulary or remap
Counties,1106,monroe_county_ny,,Sewer: Greece Force Mains,reviewed_relevant,a;b,"licence=not stated -- same server as Parcels_Public, licenceInfo blank there too | sensitivity_flag=infrastructure_ownership_attribute",review,Value not in README vocabulary: add it to the vocabulary or remap
Counties,1107,monroe_county_ny,,Gas: Gas Lines,reviewed_relevant,a,"licence=not stated -- same server as Parcels_Public, licenceInfo blank there too",review,
Counties,1108,monroe_county_ny,,Gas: Gas Transport Areas,reviewed_relevant,a,"licence=not stated -- same server as Parcels_Public, licenceInfo blank there too",review,
Counties,1109,monroe_county_ny,,Gas: Buckeye Fuel Terminals,reviewed_relevant,a,"licence=not stated -- same server as Parcels_Public, licenceInfo blank there too",review,
Counties,1110,monroe_county_ny,,LiDAR: Steep Slope 30 degrees,reviewed_relevant,a,"licence=not stated -- same server as Parcels_Public, licenceInfo blank there too",review,
Counties,1111,monroe_county_ny,,LiDAR: Steep Slope 15 degrees,reviewed_relevant,a,"licence=not stated -- same server as Parcels_Public, licenceInfo blank there too",review,
Counties,1112,monroe_county_ny,,Base Layer: Towns and Villages,reviewed_relevant,a,"licence=not stated -- same server as Parcels_Public, licenceInfo blank there too",review,
Counties,1113,monroe_county_ny,,Base Layer: Zipcodes,reviewed_relevant,a,"licence=not stated -- same server as Parcels_Public, licenceInfo blank there too",review,
Counties,1114,monroe_county_ny,,Base Layer: County Boundary (Surrounding Counties),reviewed_relevant,a,"licence=not stated -- same server as Parcels_Public, licenceInfo blank there too",review,
Counties,1115,monroe_county_ny,,Base Layer: County Boundary (Monroe),reviewed_relevant,a,"licence=not stated -- same server as Parcels_Public, licenceInfo blank there too",review,
Counties,1123,monroe_county_ny,,Base Layer (alt path): County Railroads,reviewed_relevant,a,"licence=not stated -- same server as Parcels_Public, licenceInfo blank there too",review,
Counties,1147,monroe_county_ny,,Census: Census HUD Low Income Population 2020,reviewed_relevant,a,"licence=not stated -- same server as Parcels_Public, licenceInfo blank there too",review,
Counties,1151,monroe_county_ny,,Census: American Community Survey Poverty Stats 2020,reviewed_relevant,a,"licence=not stated -- same server as Parcels_Public, licenceInfo blank there too",review,
Counties,1152,monroe_county_ny,,Census: Racially or Ethnically Concentrated Areas of Poverty,reviewed_relevant,a,"licence=not stated -- same server as Parcels_Public, licenceInfo blank there too",review,
Counties,1169,monroe_county_ny,,Stormwater: River/Stream Gauges,reviewed_relevant,a,"licence=not stated -- same server as Parcels_Public, licenceInfo blank there too",review,
Counties,1170,monroe_county_ny,,Stormwater: Weather Stations,reviewed_relevant,a;b,"licence=not stated -- same server as Parcels_Public, licenceInfo blank there too | sensitivity_flag=business_operator_identifier",review,Value not in README vocabulary: add it to the vocabulary or remap
Counties,1171,monroe_county_ny,,Stormwater: Rain Gauges,reviewed_relevant,a;b,"licence=not stated -- same server as Parcels_Public, licenceInfo blank there too | sensitivity_flag=business_operator_identifier",review,Value not in README vocabulary: add it to the vocabulary or remap
Counties,1172,monroe_county_ny,,Stormwater: Lake Gauges,reviewed_relevant,a,"licence=not stated -- same server as Parcels_Public, licenceInfo blank there too",review,
Counties,1173,monroe_county_ny,,Transportation: Alternative Fuel Stations,reviewed_relevant,a,"licence=not stated -- same server as Parcels_Public, licenceInfo blank there too",review,
Counties,1174,monroe_county_ny,,Transportation: Rail Station,reviewed_relevant,a,"licence=not stated -- same server as Parcels_Public, licenceInfo blank there too",review,
Counties,1175,monroe_county_ny,,Transportation: Locks,reviewed_relevant,a,"licence=not stated -- same server as Parcels_Public, licenceInfo blank there too",review,
Counties,1179,monroe_county_ny,,Transportation: Airports,reviewed_relevant,a,"licence=not stated -- same server as Parcels_Public, licenceInfo blank there too",review,
Counties,1180,monroe_county_ny,,Transportation: Airport Runways,reviewed_relevant,a,"licence=not stated -- same server as Parcels_Public, licenceInfo blank there too",review,
Counties,1181,monroe_county_ny,,Transportation: Airport_Area,reviewed_relevant,a,"licence=not stated -- same server as Parcels_Public, licenceInfo blank there too",review,
Counties,1183,monroe_county_ny,,Sewer: Sweden Storm Inlets,reviewed_relevant,a;c,"licence=not stated -- same server as Parcels_Public, licenceInfo blank there too | granularity=linear_network; title keyword=Inlet",review,Title suggests point features: consider granularity=point_facility
Counties,1184,monroe_county_ny,,Sewer: Sweden Sanitary Nodes,reviewed_relevant,a;c,"licence=not stated -- same server as Parcels_Public, licenceInfo blank there too | granularity=linear_network; title keyword=Node",review,Title suggests point features: consider granularity=point_facility
Counties,1185,monroe_county_ny,,Sewer: Sweden Cross Culverts,reviewed_relevant,a,"licence=not stated -- same server as Parcels_Public, licenceInfo blank there too",review,
Counties,1186,monroe_county_ny,,Sewer: Sweden Sanitary Mains,reviewed_relevant,a,"licence=not stated -- same server as Parcels_Public, licenceInfo blank there too",review,
Counties,1187,monroe_county_ny,,Sewer: Sweden Force Main,reviewed_relevant,a,"licence=not stated -- same server as Parcels_Public, licenceInfo blank there too",review,
Counties,1188,monroe_county_ny,,Sewer: Sweden Sanitary Laterals,reviewed_relevant,a,"licence=not stated -- same server as Parcels_Public, licenceInfo blank there too",review,
Counties,1189,monroe_county_ny,,Sewer: Sweden Storm Nodes,reviewed_relevant,a;c,"licence=not stated -- same server as Parcels_Public, licenceInfo blank there too | granularity=linear_network; title keyword=Node",review,Title suggests point features: consider granularity=point_facility
Counties,1190,monroe_county_ny,,Sewer: Sweden Storm Mains,reviewed_relevant,a,"licence=not stated -- same server as Parcels_Public, licenceInfo blank there too",review,
Counties,1192,erie_county_ny,,USDA SSURGO component (NY029),reviewed_relevant,c;d;e,granularity=(blank); category=soils | domain_primary=(blank); domain_confidence=(blank); relevance_match= | public_url=https://sdmdataaccess.nrcs.usda.gov/Tabular/post.rest; catalogue_url=(blank); format=T-SQL query result (JSON),live_recheck,
Counties,1193,erie_county_ny,,USDA SSURGO chorizon (NY029),reviewed_relevant,c;d;e,granularity=(blank); category=soils | domain_primary=(blank); domain_confidence=(blank); relevance_match= | public_url=https://sdmdataaccess.nrcs.usda.gov/Tabular/post.rest; catalogue_url=(blank); format=T-SQL query result (JSON),live_recheck,
Counties,1194,erie_county_ny,,USDA SSURGO cointerp (NY029),reviewed_relevant,c;d;e,granularity=(blank); category=soils | domain_primary=(blank); domain_confidence=(blank); relevance_match= | public_url=https://sdmdataaccess.nrcs.usda.gov/Tabular/post.rest; catalogue_url=(blank); format=T-SQL query result (JSON),live_recheck,
Counties,1195,erie_county_ny,,USDA SSURGO muaggatt (NY029),reviewed_relevant,c;d;e,granularity=(blank); category=soils | domain_primary=(blank); domain_confidence=(blank); relevance_match= | public_url=https://sdmdataaccess.nrcs.usda.gov/Tabular/post.rest; catalogue_url=(blank); format=T-SQL query result (JSON),live_recheck,
Counties,1196,niagara_county_ny,,USDA SSURGO component (NY664),reviewed_relevant,c;d;e,granularity=(blank); category=soils | domain_primary=(blank); domain_confidence=(blank); relevance_match= | public_url=https://sdmdataaccess.nrcs.usda.gov/Tabular/post.rest; catalogue_url=(blank); format=T-SQL query result (JSON),live_recheck,
Counties,1197,niagara_county_ny,,USDA SSURGO chorizon (NY664),reviewed_relevant,c;d;e,granularity=(blank); category=soils | domain_primary=(blank); domain_confidence=(blank); relevance_match= | public_url=https://sdmdataaccess.nrcs.usda.gov/Tabular/post.rest; catalogue_url=(blank); format=T-SQL query result (JSON),live_recheck,
Counties,1198,niagara_county_ny,,USDA SSURGO cointerp (NY664),reviewed_relevant,c;d;e,granularity=(blank); category=soils | domain_primary=(blank); domain_confidence=(blank); relevance_match= | public_url=https://sdmdataaccess.nrcs.usda.gov/Tabular/post.rest; catalogue_url=(blank); format=T-SQL query result (JSON),live_recheck,
Counties,1199,niagara_county_ny,,USDA SSURGO muaggatt (NY664),reviewed_relevant,c;d;e,granularity=(blank); category=soils | domain_primary=(blank); domain_confidence=(blank); relevance_match= | public_url=https://sdmdataaccess.nrcs.usda.gov/Tabular/post.rest; catalogue_url=(blank); format=T-SQL query result (JSON),live_recheck,
Counties,1200,chautauqua_county_ny,,USDA SSURGO component (NY013),reviewed_relevant,c;d;e,granularity=(blank); category=soils | domain_primary=(blank); domain_confidence=(blank); relevance_match= | public_url=https://sdmdataaccess.nrcs.usda.gov/Tabular/post.rest; catalogue_url=(blank); format=T-SQL query result (JSON),live_recheck,
Counties,1201,chautauqua_county_ny,,USDA SSURGO chorizon (NY013),reviewed_relevant,c;d;e,granularity=(blank); category=soils | domain_primary=(blank); domain_confidence=(blank); relevance_match= | public_url=https://sdmdataaccess.nrcs.usda.gov/Tabular/post.rest; catalogue_url=(blank); format=T-SQL query result (JSON),live_recheck,
Counties,1202,chautauqua_county_ny,,USDA SSURGO cointerp (NY013),reviewed_relevant,c;d;e,granularity=(blank); category=soils | domain_primary=(blank); domain_confidence=(blank); relevance_match= | public_url=https://sdmdataaccess.nrcs.usda.gov/Tabular/post.rest; catalogue_url=(blank); format=T-SQL query result (JSON),live_recheck,
Counties,1203,chautauqua_county_ny,,USDA SSURGO muaggatt (NY013),reviewed_relevant,c;d;e,granularity=(blank); category=soils | domain_primary=(blank); domain_confidence=(blank); relevance_match= | public_url=https://sdmdataaccess.nrcs.usda.gov/Tabular/post.rest; catalogue_url=(blank); format=T-SQL query result (JSON),live_recheck,
Counties,1204,cattaraugus_county_ny,,USDA SSURGO component (NY009),reviewed_relevant,c;d;e,granularity=(blank); category=soils | domain_primary=(blank); domain_confidence=(blank); relevance_match= | public_url=https://sdmdataaccess.nrcs.usda.gov/Tabular/post.rest; catalogue_url=(blank); format=T-SQL query result (JSON),live_recheck,
Counties,1205,cattaraugus_county_ny,,USDA SSURGO chorizon (NY009),reviewed_relevant,c;d;e,granularity=(blank); category=soils | domain_primary=(blank); domain_confidence=(blank); relevance_match= | public_url=https://sdmdataaccess.nrcs.usda.gov/Tabular/post.rest; catalogue_url=(blank); format=T-SQL query result (JSON),live_recheck,
Counties,1206,cattaraugus_county_ny,,USDA SSURGO cointerp (NY009),reviewed_relevant,c;d;e,granularity=(blank); category=soils | domain_primary=(blank); domain_confidence=(blank); relevance_match= | public_url=https://sdmdataaccess.nrcs.usda.gov/Tabular/post.rest; catalogue_url=(blank); format=T-SQL query result (JSON),live_recheck,
Counties,1207,cattaraugus_county_ny,,USDA SSURGO muaggatt (NY009),reviewed_relevant,c;d;e,granularity=(blank); category=soils | domain_primary=(blank); domain_confidence=(blank); relevance_match= | public_url=https://sdmdataaccess.nrcs.usda.gov/Tabular/post.rest; catalogue_url=(blank); format=T-SQL query result (JSON),live_recheck,
Counties,1208,wyoming_county_ny,,USDA SSURGO component (NY121),reviewed_relevant,c;d;e,granularity=(blank); category=soils | domain_primary=(blank); domain_confidence=(blank); relevance_match= | public_url=https://sdmdataaccess.nrcs.usda.gov/Tabular/post.rest; catalogue_url=(blank); format=T-SQL query result (JSON),live_recheck,
Counties,1209,wyoming_county_ny,,USDA SSURGO chorizon (NY121),reviewed_relevant,c;d;e,granularity=(blank); category=soils | domain_primary=(blank); domain_confidence=(blank); relevance_match= | public_url=https://sdmdataaccess.nrcs.usda.gov/Tabular/post.rest; catalogue_url=(blank); format=T-SQL query result (JSON),live_recheck,
Counties,1210,wyoming_county_ny,,USDA SSURGO cointerp (NY121),reviewed_relevant,c;d;e,granularity=(blank); category=soils | domain_primary=(blank); domain_confidence=(blank); relevance_match= | public_url=https://sdmdataaccess.nrcs.usda.gov/Tabular/post.rest; catalogue_url=(blank); format=T-SQL query result (JSON),live_recheck,
Counties,1211,wyoming_county_ny,,USDA SSURGO muaggatt (NY121),reviewed_relevant,c;d;e,granularity=(blank); category=soils | domain_primary=(blank); domain_confidence=(blank); relevance_match= | public_url=https://sdmdataaccess.nrcs.usda.gov/Tabular/post.rest; catalogue_url=(blank); format=T-SQL query result (JSON),live_recheck,
Counties,1212,genesee_county_ny,,USDA SSURGO component (NY037),reviewed_relevant,c;d;e,granularity=(blank); category=soils | domain_primary=(blank); domain_confidence=(blank); relevance_match= | public_url=https://sdmdataaccess.nrcs.usda.gov/Tabular/post.rest; catalogue_url=(blank); format=T-SQL query result (JSON),live_recheck,
Counties,1213,genesee_county_ny,,USDA SSURGO chorizon (NY037),reviewed_relevant,c;d;e,granularity=(blank); category=soils | domain_primary=(blank); domain_confidence=(blank); relevance_match= | public_url=https://sdmdataaccess.nrcs.usda.gov/Tabular/post.rest; catalogue_url=(blank); format=T-SQL query result (JSON),live_recheck,
Counties,1214,genesee_county_ny,,USDA SSURGO cointerp (NY037),reviewed_relevant,c;d;e,granularity=(blank); category=soils | domain_primary=(blank); domain_confidence=(blank); relevance_match= | public_url=https://sdmdataaccess.nrcs.usda.gov/Tabular/post.rest; catalogue_url=(blank); format=T-SQL query result (JSON),live_recheck,
Counties,1215,genesee_county_ny,,USDA SSURGO muaggatt (NY037),reviewed_relevant,c;d;e,granularity=(blank); category=soils | domain_primary=(blank); domain_confidence=(blank); relevance_match= | public_url=https://sdmdataaccess.nrcs.usda.gov/Tabular/post.rest; catalogue_url=(blank); format=T-SQL query result (JSON),live_recheck,
Counties,1216,orleans_county_ny,,USDA SSURGO component (NY073),reviewed_relevant,c;d;e,granularity=(blank); category=soils | domain_primary=(blank); domain_confidence=(blank); relevance_match= | public_url=https://sdmdataaccess.nrcs.usda.gov/Tabular/post.rest; catalogue_url=(blank); format=T-SQL query result (JSON),live_recheck,
Counties,1217,orleans_county_ny,,USDA SSURGO chorizon (NY073),reviewed_relevant,c;d;e,granularity=(blank); category=soils | domain_primary=(blank); domain_confidence=(blank); relevance_match= | public_url=https://sdmdataaccess.nrcs.usda.gov/Tabular/post.rest; catalogue_url=(blank); format=T-SQL query result (JSON),live_recheck,
Counties,1218,orleans_county_ny,,USDA SSURGO cointerp (NY073),reviewed_relevant,c;d;e,granularity=(blank); category=soils | domain_primary=(blank); domain_confidence=(blank); relevance_match= | public_url=https://sdmdataaccess.nrcs.usda.gov/Tabular/post.rest; catalogue_url=(blank); format=T-SQL query result (JSON),live_recheck,
Counties,1219,orleans_county_ny,,USDA SSURGO muaggatt (NY073),reviewed_relevant,c;d;e,granularity=(blank); category=soils | domain_primary=(blank); domain_confidence=(blank); relevance_match= | public_url=https://sdmdataaccess.nrcs.usda.gov/Tabular/post.rest; catalogue_url=(blank); format=T-SQL query result (JSON),live_recheck,
Counties,1220,monroe_county_ny,,USDA SSURGO component (NY055),reviewed_relevant,c;d;e,granularity=(blank); category=soils | domain_primary=(blank); domain_confidence=(blank); relevance_match= | public_url=https://sdmdataaccess.nrcs.usda.gov/Tabular/post.rest; catalogue_url=(blank); format=T-SQL query result (JSON),live_recheck,
Counties,1221,monroe_county_ny,,USDA SSURGO chorizon (NY055),reviewed_relevant,c;d;e,granularity=(blank); category=soils | domain_primary=(blank); domain_confidence=(blank); relevance_match= | public_url=https://sdmdataaccess.nrcs.usda.gov/Tabular/post.rest; catalogue_url=(blank); format=T-SQL query result (JSON),live_recheck,
Counties,1222,monroe_county_ny,,USDA SSURGO cointerp (NY055),reviewed_relevant,c;d;e,granularity=(blank); category=soils | domain_primary=(blank); domain_confidence=(blank); relevance_match= | public_url=https://sdmdataaccess.nrcs.usda.gov/Tabular/post.rest; catalogue_url=(blank); format=T-SQL query result (JSON),live_recheck,
Counties,1223,monroe_county_ny,,USDA SSURGO muaggatt (NY055),reviewed_relevant,c;d;e,granularity=(blank); category=soils | domain_primary=(blank); domain_confidence=(blank); relevance_match= | public_url=https://sdmdataaccess.nrcs.usda.gov/Tabular/post.rest; catalogue_url=(blank); format=T-SQL query result (JSON),live_recheck,
Municipalities,2,niagara_falls_on,,Property Parcels,curated_relevant,b;e,sensitivity_flag=none; granularity=parcel_or_property | public_url=open.niagarafalls.ca (Niagara_Falls_Property_Parcels/FeatureServer/0); catalogue_url=(blank); format=geojson,live_recheck,"Parcel row marked none: check for owner-name/PII fields and set sensitivity_flag; public_url is a fragment, not a full URL: expand to full https endpoint"
Municipalities,3,niagara_falls_on,,Building Footprints 2010 + 2018 (two epochs),curated_relevant,e,public_url=open.niagarafalls.ca; catalogue_url=(blank); format=geojson,live_recheck,"public_url is a fragment, not a full URL: expand to full https endpoint"
Municipalities,4,niagara_falls_on,,Zoning By-law 79200 + 3 legacy township by-laws,curated_relevant,e,public_url=open.niagarafalls.ca; catalogue_url=(blank); format=geojson,live_recheck,"public_url is a fragment, not a full URL: expand to full https endpoint"
Municipalities,5,niagara_falls_on,,Official Plan Schedule A Land Use,curated_relevant,c;e,granularity=unspecified; category=land_use | public_url=open.niagarafalls.ca; catalogue_url=(blank); format=geojson,live_recheck,"granularity=area_or_zone (from category=land_use); public_url is a fragment, not a full URL: expand to full https endpoint"
Municipalities,6,niagara_falls_on,,Brownfield CIP Project Areas,curated_relevant,e,public_url=open.niagarafalls.ca; catalogue_url=(blank); format=geojson,live_recheck,"public_url is a fragment, not a full URL: expand to full https endpoint"
Municipalities,7,st_catharines,,Parcel Fabric Public,curated_relevant,b;e,sensitivity_flag=none; granularity=parcel_or_property | public_url=services6.arcgis.com/Yx1h0qHJ9wIpQWuU (Parcel_Fabric_Public/FeatureServer/0); catalogue_url=(blank); format=geojson,live_recheck,"Parcel row marked none: check for owner-name/PII fields and set sensitivity_flag; public_url is a fragment, not a full URL: expand to full https endpoint"
Municipalities,8,st_catharines,,City Parcel Zoning Public,curated_relevant,b;e,sensitivity_flag=none; granularity=parcel_or_property | public_url=services6.arcgis.com/Yx1h0qHJ9wIpQWuU; catalogue_url=(blank); format=geojson,live_recheck,"Parcel row marked none: check for owner-name/PII fields and set sensitivity_flag; public_url is a fragment, not a full URL: expand to full https endpoint"
Municipalities,9,st_catharines,,City Parcel Landuse Public,curated_relevant,b;e,sensitivity_flag=none; granularity=parcel_or_property | public_url=services6.arcgis.com/Yx1h0qHJ9wIpQWuU; catalogue_url=(blank); format=geojson,live_recheck,"Parcel row marked none: check for owner-name/PII fields and set sensitivity_flag; public_url is a fragment, not a full URL: expand to full https endpoint"
Municipalities,10,welland,,Building Footprints,curated_relevant,e,public_url=open.welland.ca (via ArcGIS Online Hub cache -- origin arcgisweb.welland.ca down as of 2026-08-22); catalogue_url=(blank); format=geojson,live_recheck,"public_url is a fragment, not a full URL: expand to full https endpoint"
Municipalities,11,welland,,Current Zoning (By-law 2017-117) + Old Zoning,curated_relevant,e,public_url=open.welland.ca; catalogue_url=(blank); format=geojson,live_recheck,"public_url is a fragment, not a full URL: expand to full https endpoint"
Municipalities,12,welland,,Business Directory,curated_relevant,e,public_url=open.welland.ca; catalogue_url=(blank); format=table,live_recheck,"public_url is a fragment, not a full URL: expand to full https endpoint"
Municipalities,13,welland,,Civic Address Points,curated_relevant,c;e,granularity=unspecified; category=address | public_url=open.welland.ca; catalogue_url=(blank); format=geojson,live_recheck,"granularity=point_facility (from category=address); public_url is a fragment, not a full URL: expand to full https endpoint"
Municipalities,14,fort_erie,,"(20 datasets, recreational/survey only)",curated_relevant,c;e,granularity=unspecified; category=other | public_url=niagaraopendata.ca (org: town-of-fort-erie); catalogue_url=(blank); format=-,live_recheck,"public_url is a fragment, not a full URL: expand to full https endpoint"
Municipalities,15,lincoln,,Zoning Information + 2 CIP boundary sets,curated_relevant,e,public_url=niagaraopendata.ca (org: town-of-lincoln); catalogue_url=(blank); format=shp,live_recheck,"public_url is a fragment, not a full URL: expand to full https endpoint"
Municipalities,16,notl,,(1 dataset only),curated_relevant,a;c;d;e,licence=unknown | granularity=unspecified; category=other | domain_primary=Unclassified; relevance_match= | public_url=niagaraopendata.ca (org: niagara-on-the-lake); catalogue_url=(blank); format=-,live_recheck,"public_url is a fragment, not a full URL: expand to full https endpoint"
Municipalities,17,port_colborne,,(no presence),curated_relevant,a;c;d;e,licence=n/a | granularity=unspecified; category=other | domain_primary=Unclassified; relevance_match= | public_url=(blank); catalogue_url=(blank); format=-,live_recheck,
Municipalities,18,thorold,,(no presence),curated_relevant,a;c;e,licence=n/a | granularity=unspecified; category=other | public_url=(blank); catalogue_url=(blank); format=-,live_recheck,
Municipalities,19,grimsby,,(no presence),curated_relevant,a;c;d;e,licence=n/a | granularity=unspecified; category=other | domain_primary=Unclassified; relevance_match= | public_url=(blank); catalogue_url=(blank); format=-,live_recheck,
Municipalities,20,pelham,,(no presence),curated_relevant,a;c;d;e,licence=n/a | granularity=unspecified; category=other | domain_primary=Unclassified; relevance_match= | public_url=(blank); catalogue_url=(blank); format=-,live_recheck,
Municipalities,21,wainfleet,,(no presence),curated_relevant,a;c;d;e,licence=n/a | granularity=unspecified; category=other | domain_primary=Unclassified; relevance_match= | public_url=(blank); catalogue_url=(blank); format=-,live_recheck,
Municipalities,22,west_lincoln,,(no presence),curated_relevant,a;c;d;e,licence=n/a | granularity=unspecified; category=other | domain_primary=Unclassified; relevance_match= | public_url=(blank); catalogue_url=(blank); format=-,live_recheck,
Municipalities,23,brantford,,Zoning Districts,curated_relevant,e,public_url=brantfordopendata-brantford.hub.arcgis.com/datasets/9109012f6418496682621b59e1f6f177_0; catalogue_url=https://brantfordopendata-brantford.hub.arcgis.com/datasets/9109012f6418496682621b59e1f6f177_0; format=geojson/rest,live_recheck,"public_url is a fragment, not a full URL: expand to full https endpoint"
Municipalities,24,brantford,,Parcel Fabric,curated_relevant,b;e,sensitivity_flag=none; granularity=parcel_or_property | public_url=brantfordopendata-brantford.hub.arcgis.com/datasets/32bd4ebc8b334962a93e4c598d8dc158_0; catalogue_url=https://brantfordopendata-brantford.hub.arcgis.com/datasets/32bd4ebc8b334962a93e4c598d8dc158_0; format=geojson/rest,live_recheck,"Parcel row marked none: check for owner-name/PII fields and set sensitivity_flag; public_url is a fragment, not a full URL: expand to full https endpoint"
Municipalities,25,brantford,,Building Footprints,curated_relevant,e,public_url=brantfordopendata-brantford.hub.arcgis.com/datasets/51c33215a26740f79c69d35e7368ce01_0; catalogue_url=https://brantfordopendata-brantford.hub.arcgis.com/datasets/51c33215a26740f79c69d35e7368ce01_0; format=geojson/rest,live_recheck,"public_url is a fragment, not a full URL: expand to full https endpoint"
Municipalities,26,brantford,,Site Addresses 2,curated_relevant,c;e,granularity=unspecified; category=address | public_url=brantfordopendata-brantford.hub.arcgis.com/datasets/8fa270cb0c174bd99b52a11260f60f15_0; catalogue_url=https://brantfordopendata-brantford.hub.arcgis.com/datasets/8fa270cb0c174bd99b52a11260f60f15_0; format=geojson/rest,live_recheck,"granularity=point_facility (from category=address); public_url is a fragment, not a full URL: expand to full https endpoint"
Municipalities,27,brantford,,Municipal Boundary,curated_relevant,e,public_url=brantfordopendata-brantford.hub.arcgis.com/datasets/ef2ef67a61e34a6ca5a5e5ad2ed57cc9_0; catalogue_url=(blank); format=geojson/rest,live_recheck,"public_url is a fragment, not a full URL: expand to full https endpoint"
Municipalities,28,brantford,,Municipal Parking Lots,curated_relevant,c;e,granularity=unspecified; category=other | public_url=brantfordopendata-brantford.hub.arcgis.com/datasets/32084f4771c849c9b5af938d35bd415b_0; catalogue_url=(blank); format=geojson/rest,live_recheck,"public_url is a fragment, not a full URL: expand to full https endpoint"
Municipalities,29,burlington,,3D building models + GTFS-RT feed,curated_relevant,a;c;e,licence=not established | granularity=unspecified; category=building_footprint + transportation | public_url=opendata.burlington.ca; catalogue_url=(blank); format=directory listing,live_recheck,"public_url is a fragment, not a full URL: expand to full https endpoint"
Municipalities,30,buffalo_ny,,2025 Final Assessment Roll,curated_relevant,b;e,sensitivity_flag=none; granularity=parcel_or_property | public_url=data.buffalony.gov (filter by domainCName=data.buffalony.gov -- catalogue federates other cities); catalogue_url=(blank); format=csv/json,live_recheck,"Parcel row marked none: check for owner-name/PII fields and set sensitivity_flag; public_url is a fragment, not a full URL: expand to full https endpoint"
Municipalities,31,buffalo_ny,,BPIS -- Building Permits,curated_relevant,e,public_url=data.buffalony.gov; catalogue_url=(blank); format=csv/json,live_recheck,"public_url is a fragment, not a full URL: expand to full https endpoint"
Municipalities,32,buffalo_ny,,Commercial Sales / Property Sales,curated_relevant,c;e,granularity=unspecified; category=other | public_url=data.buffalony.gov; catalogue_url=(blank); format=csv/json,live_recheck,"public_url is a fragment, not a full URL: expand to full https endpoint"
Municipalities,33,rochester_ny,,TaxParcel2024 (+ 11 historical snapshots back to 1996),curated_relevant,a;e,licence=DCAT licence field contains HTML -- needs a human look | public_url=data.cityofrochester.gov (Open_Data/TaxParcel2024/FeatureServer/0); catalogue_url=(blank); format=rest/geojson,live_recheck,"public_url is a fragment, not a full URL: expand to full https endpoint"
Municipalities,34,niagara_falls_ny,,(none dedicated),curated_relevant,a;c;d;e,licence=n/a | granularity=unspecified; category=other | domain_primary=Unclassified; relevance_match= | public_url=niagarafallsny.gov/business/gis.php; catalogue_url=(blank); format=-,live_recheck,"public_url is a fragment, not a full URL: expand to full https endpoint"
Municipalities,35,welland,niagara_welland_canal,Niagara Welland Canal,admitted_in_mcs,c;e,granularity=unspecified; category=other | public_url=https://open.niagararegion.ca; catalogue_url=(blank); format=file,live_recheck,
Municipalities,36,niagara_falls_on,nf_property_parcels,Niagara Falls Property Parcels,admitted_in_mcs,b;e,sensitivity_flag=none; granularity=parcel_or_property | public_url=https://niagaraopendata.ca; catalogue_url=(blank); format=file,live_recheck,Parcel row marked none: check for owner-name/PII fields and set sensitivity_flag
Municipalities,37,niagara_falls_on,nf_op_schedule_a,Niagara Falls Official Plan Schedule A Land Use,admitted_in_mcs,c;e,granularity=unspecified; category=land_use | public_url=https://niagaraopendata.ca; catalogue_url=(blank); format=file,live_recheck,granularity=area_or_zone (from category=land_use)
Municipalities,38,niagara_falls_on,nf_zoning,Niagara Falls Zoning (4 by-laws union),admitted_in_mcs,e,public_url=https://niagaraopendata.ca; catalogue_url=(blank); format=file,live_recheck,
Municipalities,39,niagara_falls_on,nf_building_footprints,Niagara Falls Building Footprints 2010 & 2018,admitted_in_mcs,e,public_url=https://niagaraopendata.ca; catalogue_url=(blank); format=file,live_recheck,
Municipalities,40,niagara_falls_on,nf_brownfield_cip,Niagara Falls Brownfield / Employment Generator CIP Areas,admitted_in_mcs,e,public_url=https://niagaraopendata.ca; catalogue_url=(blank); format=file,live_recheck,
Municipalities,41,niagara_falls_on,nf_city_owned_property,Niagara Falls City Owned Property,admitted_in_mcs,c;e,granularity=unspecified; category=parcel | public_url=https://niagaraopendata.ca; catalogue_url=(blank); format=file,live_recheck,granularity=parcel_or_property (from category=parcel)
Municipalities,42,niagara_falls_on,nf_permits_apps,Niagara Falls Building Permits / Development Applications,admitted_in_mcs,e,public_url=https://niagaraopendata.ca; catalogue_url=(blank); format=file,live_recheck,
Municipalities,43,st_catharines,stc_parcel_fabric,St. Catharines Parcel Fabric Public,admitted_in_mcs,b;e,sensitivity_flag=none; granularity=parcel_or_property | public_url=https://niagaraopendata.ca; catalogue_url=(blank); format=file,live_recheck,Parcel row marked none: check for owner-name/PII fields and set sensitivity_flag
Municipalities,44,st_catharines,stc_parcel_landuse,St. Catharines Parcel Landuse Public,admitted_in_mcs,b;e,sensitivity_flag=none; granularity=parcel_or_property | public_url=https://niagaraopendata.ca; catalogue_url=(blank); format=file,live_recheck,Parcel row marked none: check for owner-name/PII fields and set sensitivity_flag
Municipalities,45,st_catharines,stc_parcel_zoning,St. Catharines Parcel Zoning Public,admitted_in_mcs,b;e,sensitivity_flag=none; granularity=parcel_or_property | public_url=https://niagaraopendata.ca; catalogue_url=(blank); format=file,live_recheck,Parcel row marked none: check for owner-name/PII fields and set sensitivity_flag
Municipalities,46,welland,welland_current_zoning,Welland Current Zoning (By-law 2017-117),admitted_in_mcs,e,public_url=https://open.welland.ca; catalogue_url=(blank); format=file,live_recheck,
Municipalities,47,welland,welland_old_zoning,Welland Old Zoning,admitted_in_mcs,e,public_url=https://open.welland.ca; catalogue_url=(blank); format=derived,live_recheck,
Municipalities,48,welland,welland_building_footprints,Welland Building Footprints,admitted_in_mcs,e,public_url=https://open.welland.ca; catalogue_url=(blank); format=file,live_recheck,
Municipalities,49,welland,welland_business_directory,Welland Business Directory,admitted_in_mcs,e,public_url=https://open.welland.ca; catalogue_url=(blank); format=file,live_recheck,
Municipalities,50,welland,welland_civic_addresses,Welland Civic Address Points,admitted_in_mcs,c;e,granularity=unspecified; category=address | public_url=https://open.welland.ca; catalogue_url=(blank); format=file,live_recheck,granularity=point_facility (from category=address)
Municipalities,51,welland,welland_business_licences,Welland Business Licences,admitted_in_mcs,e,public_url=https://open.welland.ca; catalogue_url=(blank); format=file,live_recheck,
Municipalities,52,lincoln,lincoln_zoning,Lincoln Zoning Information (SHP),admitted_in_mcs,e,public_url=https://niagaraopendata.ca; catalogue_url=(blank); format=file,live_recheck,
Municipalities,53,st_catharines,ontario_nep,Niagara Escarpment Plan (NEP) layers,admitted_in_mcs,c;e,granularity=unspecified; category=boundary | public_url=https://geohub.lio.gov.on.ca; catalogue_url=(blank); format=file,live_recheck,
Municipalities,60,niagara_falls_on,,Niagara Falls Municipal Boundary,reviewed_relevant,a;access,licence=(blank) | access_method=unknown,live_recheck,access_method=rest_bulk (URL is a FeatureServer/MapServer endpoint; the workbook uses rest_bulk for these)
Municipalities,61,niagara_falls_on,,Niagara Falls Township Lot and Concession WGS 1984,reviewed_relevant,a;b;access,licence=(blank) | sensitivity_flag=none; granularity=parcel_or_property | access_method=unknown,live_recheck,Parcel row marked none: check for owner-name/PII fields and set sensitivity_flag; access_method=rest_bulk (URL is a FeatureServer/MapServer endpoint; the workbook uses rest_bulk for these)
Municipalities,62,niagara_falls_on,,Niagara Falls Township Lot and Concession,reviewed_relevant,a;b;access,licence=(blank) | sensitivity_flag=none; granularity=parcel_or_property | access_method=unknown,live_recheck,Parcel row marked none: check for owner-name/PII fields and set sensitivity_flag; access_method=rest_bulk (URL is a FeatureServer/MapServer endpoint; the workbook uses rest_bulk for these)
Municipalities,78,niagara_falls_on,,Niagara Falls Urban Infill Tax Increment Grant Area 2026 WGS 1984,reviewed_relevant,a,licence=(blank),live_recheck,
Municipalities,79,niagara_falls_on,,Niagara Falls Urban Infill Tax Increment Grant Area 2026,reviewed_relevant,a;access,licence=(blank) | access_method=unknown,live_recheck,access_method=rest_bulk (URL is a FeatureServer/MapServer endpoint; the workbook uses rest_bulk for these)
Municipalities,80,niagara_falls_on,,Niagara Falls Streetscape Improvement CIP Area 2026 WGS 1984,reviewed_relevant,a,licence=(blank),live_recheck,
Municipalities,81,niagara_falls_on,,Niagara Falls Streetscape Improvement CIP Area 2026,reviewed_relevant,a;access,licence=(blank) | access_method=unknown,live_recheck,access_method=rest_bulk (URL is a FeatureServer/MapServer endpoint; the workbook uses rest_bulk for these)
Municipalities,82,niagara_falls_on,,Niagara Falls Employment Generator CIP Areas 2026 WGS 1984,reviewed_relevant,a,licence=(blank),live_recheck,
Municipalities,83,niagara_falls_on,,Niagara Falls Employment Generator CIP Areas 2026,reviewed_relevant,a;access,licence=(blank) | access_method=unknown,live_recheck,access_method=rest_bulk (URL is a FeatureServer/MapServer endpoint; the workbook uses rest_bulk for these)
Municipalities,84,niagara_falls_on,,Niagara Falls Brownfield CIP Project Areas WGS 1984,reviewed_relevant,a;access,licence=(blank) | access_method=unknown,live_recheck,access_method=rest_bulk (URL is a FeatureServer/MapServer endpoint; the workbook uses rest_bulk for these)
Municipalities,85,niagara_falls_on,,Niagara Falls Brownfield CIP Project Areas,reviewed_relevant,a;access,licence=(blank) | access_method=unknown,live_recheck,access_method=rest_bulk (URL is a FeatureServer/MapServer endpoint; the workbook uses rest_bulk for these)
Municipalities,86,niagara_falls_on,,Niagara Falls Brownfield CIP Area 2026 WGS 1984,reviewed_relevant,a,licence=(blank),live_recheck,
Municipalities,87,niagara_falls_on,,Niagara Falls Brownfield CIP Area 2026,reviewed_relevant,a;access,licence=(blank) | access_method=unknown,live_recheck,access_method=rest_bulk (URL is a FeatureServer/MapServer endpoint; the workbook uses rest_bulk for these)
Municipalities,95,niagara_falls_on,,Niagara Falls Development Charges WGS 1984,reviewed_relevant,a;c;access,licence=(blank) | granularity=unspecified; category=other | access_method=unknown,live_recheck,access_method=rest_bulk (URL is a FeatureServer/MapServer endpoint; the workbook uses rest_bulk for these)
Municipalities,96,niagara_falls_on,,Niagara Falls Development Charges,reviewed_relevant,a;c;access,licence=(blank) | granularity=unspecified; category=other | access_method=unknown,live_recheck,access_method=rest_bulk (URL is a FeatureServer/MapServer endpoint; the workbook uses rest_bulk for these)
Municipalities,97,niagara_falls_on,,Niagara Falls Business Improvement Areas WGS 1984,reviewed_relevant,a;access,licence=(blank) | access_method=unknown,live_recheck,access_method=rest_bulk (URL is a FeatureServer/MapServer endpoint; the workbook uses rest_bulk for these)
Municipalities,98,niagara_falls_on,,Niagara Falls Business Improvement Areas,reviewed_relevant,a;access,licence=(blank) | access_method=unknown,live_recheck,access_method=rest_bulk (URL is a FeatureServer/MapServer endpoint; the workbook uses rest_bulk for these)
Municipalities,141,niagara_falls_on,,Niagara Falls Woodland Management Inventory Sites WGS 1984,reviewed_relevant,a;b;c;access,licence=(blank) | sensitivity_flag=infrastructure_ownership_attribute | granularity=unspecified; category=other | access_method=unknown,live_recheck,Value not in README vocabulary: add it to the vocabulary or remap; access_method=rest_bulk (URL is a FeatureServer/MapServer endpoint; the workbook uses rest_bulk for these)
Municipalities,142,niagara_falls_on,,Niagara Falls Woodland Management Inventory Sites,reviewed_relevant,a;b;c;access,licence=(blank) | sensitivity_flag=infrastructure_ownership_attribute | granularity=unspecified; category=other | access_method=unknown,live_recheck,Value not in README vocabulary: add it to the vocabulary or remap; access_method=rest_bulk (URL is a FeatureServer/MapServer endpoint; the workbook uses rest_bulk for these)
Municipalities,143,niagara_falls_on,,Niagara Falls Woodland Management Inventory WGS 1984,reviewed_relevant,a;c;access,licence=(blank) | granularity=unspecified; category=other | access_method=unknown,live_recheck,access_method=rest_bulk (URL is a FeatureServer/MapServer endpoint; the workbook uses rest_bulk for these)
Municipalities,144,niagara_falls_on,,Niagara Falls Woodland Management Inventory,reviewed_relevant,a;c;access,licence=(blank) | granularity=unspecified; category=other | access_method=unknown,live_recheck,access_method=rest_bulk (URL is a FeatureServer/MapServer endpoint; the workbook uses rest_bulk for these)
Municipalities,147,niagara_falls_on,,Niagara Falls Community Improvement Plan Areas WGS 1984,reviewed_relevant,a;access,licence=(blank) | access_method=unknown,live_recheck,access_method=rest_bulk (URL is a FeatureServer/MapServer endpoint; the workbook uses rest_bulk for these)
Municipalities,148,niagara_falls_on,,Niagara Falls Community Improvement Plan Areas,reviewed_relevant,a;access,licence=(blank) | access_method=unknown,live_recheck,access_method=rest_bulk (URL is a FeatureServer/MapServer endpoint; the workbook uses rest_bulk for these)
Municipalities,151,niagara_falls_on,,Niagara Falls Regional Municipal Boundary WGS 1984,reviewed_relevant,a;access,licence=(blank) | access_method=unknown,live_recheck,access_method=rest_bulk (URL is a FeatureServer/MapServer endpoint; the workbook uses rest_bulk for these)
Municipalities,152,niagara_falls_on,,Niagara Falls Regional Municipal Boundary,reviewed_relevant,a;access,licence=(blank) | access_method=unknown,live_recheck,access_method=rest_bulk (URL is a FeatureServer/MapServer endpoint; the workbook uses rest_bulk for these)
Municipalities,153,niagara_falls_on,,Niagara Falls MTO Buffer Controlled Areas WGS 1984,reviewed_relevant,a;access,licence=(blank) | access_method=unknown,live_recheck,access_method=rest_bulk (URL is a FeatureServer/MapServer endpoint; the workbook uses rest_bulk for these)
Municipalities,154,niagara_falls_on,,Niagara Falls Heritage Properties WGS 1984,reviewed_relevant,a;c;access,licence=(blank) | granularity=unspecified; category=environmental_constraint | access_method=unknown,live_recheck,access_method=rest_bulk (URL is a FeatureServer/MapServer endpoint; the workbook uses rest_bulk for these)
Municipalities,155,niagara_falls_on,,Niagara Falls Heritage Properties,reviewed_relevant,a;c;access,licence=(blank) | granularity=unspecified; category=environmental_constraint | access_method=unknown,live_recheck,access_method=rest_bulk (URL is a FeatureServer/MapServer endpoint; the workbook uses rest_bulk for these)
Municipalities,156,niagara_falls_on,,Niagara Falls Community Safety Zones,reviewed_relevant,a;access,licence=(blank) | access_method=unknown,live_recheck,access_method=rest_bulk (URL is a FeatureServer/MapServer endpoint; the workbook uses rest_bulk for these)
Municipalities,166,niagara_falls_on,,Niagara Falls Zoning Bylaw B0395 Willoughby WGS 1984,reviewed_relevant,a;access,licence=(blank) | access_method=unknown,live_recheck,access_method=rest_bulk (URL is a FeatureServer/MapServer endpoint; the workbook uses rest_bulk for these)
Municipalities,167,niagara_falls_on,,Niagara Falls Zoning Bylaw B0395 Willoughby,reviewed_relevant,a;access,licence=(blank) | access_method=unknown,live_recheck,access_method=rest_bulk (URL is a FeatureServer/MapServer endpoint; the workbook uses rest_bulk for these)
Municipalities,171,niagara_falls_on,,Niagara Falls City Owned Property WGS 1984,reviewed_relevant,a;c;access,licence=(blank) | granularity=unspecified; category=other | access_method=unknown,live_recheck,access_method=rest_bulk (URL is a FeatureServer/MapServer endpoint; the workbook uses rest_bulk for these)
Municipalities,172,niagara_falls_on,,Niagara Falls Community Safety Zones WGS 1984,reviewed_relevant,a;access,licence=(blank) | access_method=unknown,live_recheck,access_method=rest_bulk (URL is a FeatureServer/MapServer endpoint; the workbook uses rest_bulk for these)
Municipalities,175,niagara_falls_on,,Niagara Falls Road Allowance WGS 1984,reviewed_relevant,a;b;c;access,licence=(blank) | sensitivity_flag=infrastructure_ownership_attribute | granularity=unspecified; category=transportation | access_method=unknown,live_recheck,Value not in README vocabulary: add it to the vocabulary or remap; access_method=rest_bulk (URL is a FeatureServer/MapServer endpoint; the workbook uses rest_bulk for these)
Municipalities,176,niagara_falls_on,,Niagara Falls Road Allowance,reviewed_relevant,a;b;c;access,licence=(blank) | sensitivity_flag=infrastructure_ownership_attribute | granularity=unspecified; category=transportation | access_method=unknown,live_recheck,Value not in README vocabulary: add it to the vocabulary or remap; access_method=rest_bulk (URL is a FeatureServer/MapServer endpoint; the workbook uses rest_bulk for these)
Municipalities,177,niagara_falls_on,,Niagara Falls Building Footprints 2018 WGS 1984,reviewed_relevant,a;access,licence=(blank) | access_method=unknown,live_recheck,access_method=rest_bulk (URL is a FeatureServer/MapServer endpoint; the workbook uses rest_bulk for these)
Municipalities,178,niagara_falls_on,,Niagara Falls Building Footprints 2018,reviewed_relevant,a;access,licence=(blank) | access_method=unknown,live_recheck,access_method=rest_bulk (URL is a FeatureServer/MapServer endpoint; the workbook uses rest_bulk for these)
Municipalities,179,niagara_falls_on,,Niagara Falls Building Footprints 2010 WGS 1984,reviewed_relevant,a;access,licence=(blank) | access_method=unknown,live_recheck,access_method=rest_bulk (URL is a FeatureServer/MapServer endpoint; the workbook uses rest_bulk for these)
Municipalities,180,niagara_falls_on,,Niagara Falls Building Footprints 2010,reviewed_relevant,a;access,licence=(blank) | access_method=unknown,live_recheck,access_method=rest_bulk (URL is a FeatureServer/MapServer endpoint; the workbook uses rest_bulk for these)
Municipalities,181,niagara_falls_on,,Niagara Falls Current Development Applications WGS 1984,reviewed_relevant,a;c,licence=(blank) | granularity=unspecified; category=other,live_recheck,
Municipalities,182,niagara_falls_on,,Niagara Falls Current Development Applications,reviewed_relevant,a;c;access,licence=(blank) | granularity=unspecified; category=other | access_method=unknown,live_recheck,access_method=rest_bulk (URL is a FeatureServer/MapServer endpoint; the workbook uses rest_bulk for these)
Municipalities,183,niagara_falls_on,,Niagara Falls Official Plan Special Policy Areas WGS 1984,reviewed_relevant,a;access,licence=(blank) | access_method=unknown,live_recheck,access_method=rest_bulk (URL is a FeatureServer/MapServer endpoint; the workbook uses rest_bulk for these)
Municipalities,184,niagara_falls_on,,Niagara Falls Official Plan Special Policy Areas,reviewed_relevant,a;access,licence=(blank) | access_method=unknown,live_recheck,access_method=rest_bulk (URL is a FeatureServer/MapServer endpoint; the workbook uses rest_bulk for these)
Municipalities,185,niagara_falls_on,,Niagara Falls Master Street Address Guide,reviewed_relevant,a;c;access,licence=(blank) | granularity=unspecified; category=address | access_method=unknown,live_recheck,granularity=point_facility (from category=address); access_method=rest_bulk (URL is a FeatureServer/MapServer endpoint; the workbook uses rest_bulk for these)
Municipalities,194,niagara_falls_on,,Niagara Falls Property Parcels WGS 1984,reviewed_relevant,a;b;access,licence=(blank) | sensitivity_flag=none; granularity=parcel_or_property | access_method=unknown,live_recheck,Parcel row marked none: check for owner-name/PII fields and set sensitivity_flag; access_method=rest_bulk (URL is a FeatureServer/MapServer endpoint; the workbook uses rest_bulk for these)
Municipalities,197,niagara_falls_on,,Niagara Falls Address Points,reviewed_relevant,a;c;access,licence=(blank) | granularity=unspecified; category=address | access_method=unknown,live_recheck,granularity=point_facility (from category=address); access_method=rest_bulk (URL is a FeatureServer/MapServer endpoint; the workbook uses rest_bulk for these)
Municipalities,213,niagara_falls_on,,Niagara Falls Urban Service Area WGS 1984,reviewed_relevant,a;access,licence=(blank) | access_method=unknown,live_recheck,access_method=rest_bulk (URL is a FeatureServer/MapServer endpoint; the workbook uses rest_bulk for these)
Municipalities,220,niagara_falls_on,,Niagara Falls MTO Buffer Controlled Areas,reviewed_relevant,a;access,licence=(blank) | access_method=unknown,live_recheck,access_method=rest_bulk (URL is a FeatureServer/MapServer endpoint; the workbook uses rest_bulk for these)
Municipalities,221,niagara_falls_on,,Niagara Falls Subdivisions WGS 1984,reviewed_relevant,a;c;access,licence=(blank) | granularity=unspecified; category=other | access_method=unknown,live_recheck,access_method=rest_bulk (URL is a FeatureServer/MapServer endpoint; the workbook uses rest_bulk for these)
Municipalities,222,niagara_falls_on,,Niagara Falls Subdivisions,reviewed_relevant,a;c;access,licence=(blank) | granularity=unspecified; category=other | access_method=unknown,live_recheck,access_method=rest_bulk (URL is a FeatureServer/MapServer endpoint; the workbook uses rest_bulk for these)
Municipalities,223,niagara_falls_on,,Niagara Falls Address Points WGS 1984,reviewed_relevant,a;c;access,licence=(blank) | granularity=unspecified; category=address | access_method=unknown,live_recheck,granularity=point_facility (from category=address); access_method=rest_bulk (URL is a FeatureServer/MapServer endpoint; the workbook uses rest_bulk for these)
Municipalities,226,niagara_falls_on,,Niagara Falls Water System Valves WGS 1984,reviewed_relevant,a;b;c;access,licence=(blank) | sensitivity_flag=infrastructure_ownership_attribute | granularity=unspecified; category=other | access_method=unknown,live_recheck,Value not in README vocabulary: add it to the vocabulary or remap; access_method=rest_bulk (URL is a FeatureServer/MapServer endpoint; the workbook uses rest_bulk for these)
Municipalities,227,niagara_falls_on,,Niagara Falls Zoning Bylaw 7069 Humberstone WGS 1984,reviewed_relevant,a;access,licence=(blank) | access_method=unknown,live_recheck,access_method=rest_bulk (URL is a FeatureServer/MapServer endpoint; the workbook uses rest_bulk for these)
Municipalities,228,niagara_falls_on,,Niagara Falls Zoning Bylaw 7069 Humberstone,reviewed_relevant,a;access,licence=(blank) | access_method=unknown,live_recheck,access_method=rest_bulk (URL is a FeatureServer/MapServer endpoint; the workbook uses rest_bulk for these)
Municipalities,229,niagara_falls_on,,Niagara Falls Zoning Bylaw 1538 Crowland WGS 1984,reviewed_relevant,a;access,licence=(blank) | access_method=unknown,live_recheck,access_method=rest_bulk (URL is a FeatureServer/MapServer endpoint; the workbook uses rest_bulk for these)
Municipalities,230,niagara_falls_on,,Niagara Falls Zoning Bylaw 1538 Crowland,reviewed_relevant,a;access,licence=(blank) | access_method=unknown,live_recheck,access_method=rest_bulk (URL is a FeatureServer/MapServer endpoint; the workbook uses rest_bulk for these)
Municipalities,242,niagara_falls_on,,Niagara Falls Official Plan Schedule A2 Urban Structure Plan WGS 1984,reviewed_relevant,a;c;access,licence=(blank) | granularity=unspecified; category=land_use | access_method=unknown,live_recheck,granularity=area_or_zone (from category=land_use); access_method=rest_bulk (URL is a FeatureServer/MapServer endpoint; the workbook uses rest_bulk for these)
Municipalities,243,niagara_falls_on,,Niagara Falls Official Plan Schedule A2 Urban Structure Plan,reviewed_relevant,a;c;access,licence=(blank) | granularity=unspecified; category=land_use | access_method=unknown,live_recheck,granularity=area_or_zone (from category=land_use); access_method=rest_bulk (URL is a FeatureServer/MapServer endpoint; the workbook uses rest_bulk for these)
Municipalities,244,niagara_falls_on,,Niagara Falls Official Plan Schedule A Land Use WGS 1984,reviewed_relevant,a;c;access,licence=(blank) | granularity=unspecified; category=land_use | access_method=unknown,live_recheck,granularity=area_or_zone (from category=land_use); access_method=rest_bulk (URL is a FeatureServer/MapServer endpoint; the workbook uses rest_bulk for these)
Municipalities,245,niagara_falls_on,,Niagara Falls Water System Valves,reviewed_relevant,a;b;c;access,licence=(blank) | sensitivity_flag=infrastructure_ownership_attribute | granularity=unspecified; category=other | access_method=unknown,live_recheck,Value not in README vocabulary: add it to the vocabulary or remap; access_method=rest_bulk (URL is a FeatureServer/MapServer endpoint; the workbook uses rest_bulk for these)
Municipalities,246,niagara_falls_on,,Niagara Falls Sanitary Sewer Maintenance Holes WGS 1984,reviewed_relevant,a;b;access,licence=(blank) | sensitivity_flag=infrastructure_ownership_attribute | access_method=unknown,live_recheck,Value not in README vocabulary: add it to the vocabulary or remap; access_method=rest_bulk (URL is a FeatureServer/MapServer endpoint; the workbook uses rest_bulk for these)
Municipalities,247,niagara_falls_on,,Niagara Falls Sanitary Sewer Maintenance Holes,reviewed_relevant,a;b;access,licence=(blank) | sensitivity_flag=infrastructure_ownership_attribute | access_method=unknown,live_recheck,Value not in README vocabulary: add it to the vocabulary or remap; access_method=rest_bulk (URL is a FeatureServer/MapServer endpoint; the workbook uses rest_bulk for these)
Municipalities,250,niagara_falls_on,,Niagara Falls Storm Sewer Maintenance Holes WGS 1984,reviewed_relevant,a;b;access,licence=(blank) | sensitivity_flag=infrastructure_ownership_attribute | access_method=unknown,live_recheck,Value not in README vocabulary: add it to the vocabulary or remap; access_method=rest_bulk (URL is a FeatureServer/MapServer endpoint; the workbook uses rest_bulk for these)
Municipalities,251,niagara_falls_on,,Niagara Falls Storm Sewer Maintenance Holes,reviewed_relevant,a;b;access,licence=(blank) | sensitivity_flag=infrastructure_ownership_attribute | access_method=unknown,live_recheck,Value not in README vocabulary: add it to the vocabulary or remap; access_method=rest_bulk (URL is a FeatureServer/MapServer endpoint; the workbook uses rest_bulk for these)
Municipalities,255,niagara_falls_on,,Niagara Falls 2021 Census - Labour Force Status,reviewed_relevant,a;access,licence=(blank) | access_method=unknown,live_recheck,access_method=rest_bulk (URL is a FeatureServer/MapServer endpoint; the workbook uses rest_bulk for these)
Municipalities,258,niagara_falls_on,,Niagara Falls 2021 Census - Industry Sectors North American Industry Classification System Naics 2017,reviewed_relevant,a;access,licence=(blank) | access_method=unknown,live_recheck,access_method=rest_bulk (URL is a FeatureServer/MapServer endpoint; the workbook uses rest_bulk for these)
Municipalities,269,niagara_falls_on,,Niagara Falls 2021 Census - Highest Certificate Diploma or Degree,reviewed_relevant,a;access,licence=(blank) | access_method=unknown,live_recheck,access_method=rest_bulk (URL is a FeatureServer/MapServer endpoint; the workbook uses rest_bulk for these)
Municipalities,281,niagara_falls_on,,Niagara Falls Zoning Bylaw 79200 WGS 1984,reviewed_relevant,a;access,licence=(blank) | access_method=unknown,live_recheck,access_method=rest_bulk (URL is a FeatureServer/MapServer endpoint; the workbook uses rest_bulk for these)
Municipalities,291,niagara_falls_on,,Niagara Falls Open Data - 2021 Census Labour,reviewed_relevant,a;e;access,licence=(blank) | public_url=https://open.niagarafalls.ca/pages/niagarafalls::niagara-falls-open-data-2021-census-labour; catalogue_url=(blank); format=Web Page | access_method=unknown,live_recheck,
Municipalities,298,niagara_falls_on,,Niagara Falls Zoning Bylaw 79200,reviewed_relevant,a;access,licence=(blank) | access_method=unknown,live_recheck,access_method=rest_bulk (URL is a FeatureServer/MapServer endpoint; the workbook uses rest_bulk for these)
Municipalities,314,niagara_falls_on,,Niagara Falls Municipal Boundary Polygon WGS 1984,reviewed_relevant,a;access,licence=(blank) | access_method=unknown,live_recheck,access_method=rest_bulk (URL is a FeatureServer/MapServer endpoint; the workbook uses rest_bulk for these)
Municipalities,315,niagara_falls_on,,Niagara Falls Municipal Boundary Polygon,reviewed_relevant,a;access,licence=(blank) | access_method=unknown,live_recheck,access_method=rest_bulk (URL is a FeatureServer/MapServer endpoint; the workbook uses rest_bulk for these)
Municipalities,319,niagara_falls_on,,Niagara Falls Completed Building Permits,reviewed_relevant,a;access,licence=(blank) | access_method=unknown,live_recheck,access_method=rest_bulk (URL is a FeatureServer/MapServer endpoint; the workbook uses rest_bulk for these)
Municipalities,326,niagara_falls_on,,Niagara Falls Streetscape Improvement CIP Area 2026 Web Map,reviewed_relevant,a;e;access,licence=(blank) | public_url=https://open.niagarafalls.ca/maps/niagarafalls::niagara-falls-streetscape-improvement-cip-area-2026-web-map; catalogue_url=(blank); format=Web Page | access_method=unknown,live_recheck,
Municipalities,327,niagara_falls_on,,Niagara Falls Brownfield CIP Area 2026 Web Map,reviewed_relevant,a;e;access,licence=(blank) | public_url=https://open.niagarafalls.ca/maps/niagarafalls::niagara-falls-brownfield-cip-area-2026-web-map; catalogue_url=(blank); format=Web Page | access_method=unknown,live_recheck,
Municipalities,328,niagara_falls_on,,Niagara Falls Urban Infill Tax Increment Grant Area 2026 Web Map,reviewed_relevant,a;e;access,licence=(blank) | public_url=https://open.niagarafalls.ca/maps/niagarafalls::niagara-falls-urban-infill-tax-increment-grant-area-2026-web-m...; catalogue_url=(blank); format=Web Page | access_method=unknown,live_recheck,
Municipalities,329,niagara_falls_on,,Niagara Falls Employment Generator CIP Areas 2026 Web Map,reviewed_relevant,a;e;access,licence=(blank) | public_url=https://open.niagarafalls.ca/maps/niagarafalls::niagara-falls-employment-generator-cip-areas-2026-web-map; catalogue_url=(blank); format=Web Page | access_method=unknown,live_recheck,
Municipalities,335,niagara_falls_on,,Niagara Falls Building Permits By Neighbourhood and Year WGS 1984,reviewed_relevant,a;access,licence=(blank) | access_method=unknown,live_recheck,access_method=rest_bulk (URL is a FeatureServer/MapServer endpoint; the workbook uses rest_bulk for these)
Municipalities,354,niagara_falls_on,,Niagara Falls Building Permits By Neighbourhood and Year,reviewed_relevant,a;access,licence=(blank) | access_method=unknown,live_recheck,access_method=rest_bulk (URL is a FeatureServer/MapServer endpoint; the workbook uses rest_bulk for these)
Municipalities,357,niagara_falls_on,,Niagara Falls Current Development Applications Map,reviewed_relevant,a;c;e;access,licence=(blank) | granularity=unspecified; category=other | public_url=https://open.niagarafalls.ca/maps/niagarafalls::niagara-falls-current-development-applications-map; catalogue_url=(blank); format=Web Page | access_method=unknown,live_recheck,
Municipalities,359,niagara_falls_on,,Niagara Falls Heritage Property Viewer,reviewed_relevant,a;c;e;access,licence=(blank) | granularity=unspecified; category=environmental_constraint | public_url=https://experience.arcgis.com/experience/f245e48c82724a57859438dea660f7ae; catalogue_url=https://open.niagarafalls.ca/apps/niagarafalls::niagara-falls-heritage-property-viewer; format=ArcGIS GeoServices REST API | access_method=unknown,live_recheck,
Municipalities,365,niagara_falls_on,,Niagara Falls Water Main Breaks,reviewed_relevant,a,licence=(blank),live_recheck,
Municipalities,372,niagara_falls_on,,Niagara Falls Heritage Properties Web Map,reviewed_relevant,a;c;e,licence=(blank) | granularity=unspecified; category=environmental_constraint | public_url=https://open.niagarafalls.ca/maps/niagarafalls::niagara-falls-heritage-properties-web-map; catalogue_url=(blank); format=Web Page,live_recheck,
Municipalities,384,niagara_falls_on,,Niagara Falls 2021 Census - Secondary High School Diploma or Equivalency Certificate,reviewed_relevant,a;access,licence=(blank) | access_method=unknown,live_recheck,access_method=rest_bulk (URL is a FeatureServer/MapServer endpoint; the workbook uses rest_bulk for these)
Municipalities,396,niagara_falls_on,,Niagara Falls 2021 Census - Major Field of Study Classification of Instructional Programs Cip 2021,reviewed_relevant,a;access,licence=(blank) | access_method=unknown,live_recheck,access_method=rest_bulk (URL is a FeatureServer/MapServer endpoint; the workbook uses rest_bulk for these)
Municipalities,418,welland,,Welland Municipal Boundary,reviewed_relevant,a;access,licence=(blank) | access_method=unknown,live_recheck,access_method=rest_bulk (URL is a FeatureServer/MapServer endpoint; the workbook uses rest_bulk for these)
Municipalities,420,welland,,Welland Business Improvement Areas,reviewed_relevant,a;access,licence=(blank) | access_method=unknown,live_recheck,access_method=rest_bulk (URL is a FeatureServer/MapServer endpoint; the workbook uses rest_bulk for these)
Municipalities,423,welland,,Welland Rail Lines,reviewed_relevant,a;access,licence=(blank) | access_method=unknown,live_recheck,access_method=rest_bulk (URL is a FeatureServer/MapServer endpoint; the workbook uses rest_bulk for these)
Municipalities,460,welland,,Welland Heavy Truck Routes,reviewed_relevant,a;access,licence=(blank) | access_method=unknown,live_recheck,access_method=rest_bulk (URL is a FeatureServer/MapServer endpoint; the workbook uses rest_bulk for these)
Municipalities,461,welland,,Welland Business Licenses,reviewed_relevant,a;access,licence=(blank) | access_method=unknown,live_recheck,access_method=rest_bulk (URL is a FeatureServer/MapServer endpoint; the workbook uses rest_bulk for these)
Municipalities,464,welland,,Welland Community Improvement Plan Areas,reviewed_relevant,a;access,licence=(blank) | access_method=unknown,live_recheck,access_method=rest_bulk (URL is a FeatureServer/MapServer endpoint; the workbook uses rest_bulk for these)
Municipalities,474,welland,,Environmental Protection Area,reviewed_relevant,a;access,licence=(blank) | access_method=unknown,live_recheck,access_method=rest_bulk (URL is a FeatureServer/MapServer endpoint; the workbook uses rest_bulk for these)
Municipalities,475,welland,,Environmental Control Area,reviewed_relevant,a;access,licence=(blank) | access_method=unknown,live_recheck,access_method=rest_bulk (URL is a FeatureServer/MapServer endpoint; the workbook uses rest_bulk for these)
Municipalities,476,welland,,Current Zoning,reviewed_relevant,a;access,licence=(blank) | access_method=unknown,live_recheck,access_method=rest_bulk (URL is a FeatureServer/MapServer endpoint; the workbook uses rest_bulk for these)
Municipalities,477,welland,,Old Zoning,reviewed_relevant,a;access,licence=(blank) | access_method=unknown,live_recheck,access_method=rest_bulk (URL is a FeatureServer/MapServer endpoint; the workbook uses rest_bulk for these)
Municipalities,478,welland,,Welland Site Plans,reviewed_relevant,a;c;access,licence=(blank) | granularity=unspecified; category=other | access_method=unknown,live_recheck,access_method=rest_bulk (URL is a FeatureServer/MapServer endpoint; the workbook uses rest_bulk for these)
Municipalities,479,welland,,Welland Official Plan,reviewed_relevant,a;c;e;access,licence=(blank) | granularity=unspecified; category=land_use | public_url=https://open.welland.ca/maps/welland::welland-official-plan; catalogue_url=(blank); format=Web Page | access_method=unknown,live_recheck,granularity=area_or_zone (from category=land_use)
Municipalities,480,welland,,OfficialPlan Area Specific Policy,reviewed_relevant,a;access,licence=(blank) | access_method=unknown,live_recheck,access_method=rest_bulk (URL is a FeatureServer/MapServer endpoint; the workbook uses rest_bulk for these)
Municipalities,481,welland,,Official Plan Appeal Deferral Areas,reviewed_relevant,a;access,licence=(blank) | access_method=unknown,live_recheck,access_method=rest_bulk (URL is a FeatureServer/MapServer endpoint; the workbook uses rest_bulk for these)
Municipalities,482,welland,,Official Plan Schedule B,reviewed_relevant,a;c;access,licence=(blank) | granularity=unspecified; category=land_use | access_method=unknown,live_recheck,granularity=area_or_zone (from category=land_use); access_method=rest_bulk (URL is a FeatureServer/MapServer endpoint; the workbook uses rest_bulk for these)
Municipalities,485,welland,,Welland Designated Heritage Properties,reviewed_relevant,a;c;access,licence=(blank) | granularity=unspecified; category=environmental_constraint | access_method=unknown,live_recheck,access_method=rest_bulk (URL is a FeatureServer/MapServer endpoint; the workbook uses rest_bulk for these)
Municipalities,489,welland,,OPENDATA Active Building Footprints,reviewed_relevant,a;access,licence=(blank) | access_method=unknown,live_recheck,access_method=rest_bulk (URL is a FeatureServer/MapServer endpoint; the workbook uses rest_bulk for these)
Municipalities,496,welland,,CityView BuildPermits Parcels,reviewed_relevant,a;b;access,licence=(blank) | sensitivity_flag=none; granularity=parcel_or_property | access_method=unknown,live_recheck,Parcel row marked none: check for owner-name/PII fields and set sensitivity_flag; access_method=rest_bulk (URL is a FeatureServer/MapServer endpoint; the workbook uses rest_bulk for these)
Municipalities,507,welland,,2016 Highest Certificate Diploma Or Degree by Census Tract,reviewed_relevant,a;access,licence=(blank) | access_method=unknown,live_recheck,access_method=rest_bulk (URL is a FeatureServer/MapServer endpoint; the workbook uses rest_bulk for these)
Municipalities,518,welland,,2016 Industry North American Industry Classification System (NAICS) 2012,reviewed_relevant,a;access,licence=(blank) | access_method=unknown,live_recheck,access_method=rest_bulk (URL is a FeatureServer/MapServer endpoint; the workbook uses rest_bulk for these)
Municipalities,521,welland,,2016 Labour Force Status by Census Tract,reviewed_relevant,a;access,licence=(blank) | access_method=unknown,live_recheck,access_method=rest_bulk (URL is a FeatureServer/MapServer endpoint; the workbook uses rest_bulk for these)
Municipalities,575,rochester_ny,,Rochester 2034,reviewed_relevant,a;c;e;access,licence=(blank) | granularity=unspecified; category=other | public_url=https://data.cityofrochester.gov/documents/RochesterNY::rochester-2034; catalogue_url=(blank); format=Web Page | access_method=unknown,live_recheck,
Municipalities,582,rochester_ny,,USA Railroad Tracks in the City of Rochester Area,reviewed_relevant,a;e,licence=(blank) | public_url=https://data.cityofrochester.gov/maps/RochesterNY::usa-railroad-tracks-in-the-city-of-rochester-area; catalogue_url=(blank); format=Web Page,live_recheck,
Municipalities,584,rochester_ny,,What's My Zoning District?,reviewed_relevant,a;e;access,licence=(blank) | public_url=https://maps.cityofrochester.gov/portal/apps/webappviewer/index.html?id=fa995be9bf2046e69485ff379b5d5959; catalogue_url=https://data.cityofrochester.gov/apps/RochesterNY::whats-my-zoning-district; format=ArcGIS GeoServices REST API | access_method=unknown,live_recheck,
Municipalities,605,rochester_ny,,"City of Rochester Vacant Structures, Vacant Land, and City Owned Properties",reviewed_relevant,a;c;e;access,licence=(blank) | granularity=unspecified; category=other | public_url=https://maps.cityofrochester.gov/portal/apps/webappviewer/index.html?id=3c03bc009018476c93c564c013dfc484; catalogue_url=https://data.cityofrochester.gov/apps/RochesterNY::city-of-rochester-vacant-structures-vacant-land-and-city-ow...; format=ArcGIS GeoServices REST API | access_method=unknown,live_recheck,
Municipalities,623,rochester_ny,,Kiva Rochester Business Locations by Type,reviewed_relevant,a;e,licence=(blank) | public_url=https://data.cityofrochester.gov/maps/RochesterNY::kiva-rochester-business-locations-by-type; catalogue_url=(blank); format=Web Page,live_recheck,
Municipalities,624,rochester_ny,,Kiva Rochester,reviewed_relevant,a;c;e;access,licence=(blank) | granularity=unspecified; category=other | public_url=https://storymaps.arcgis.com/stories/c17b4004a2884d679b5f95c3013e4086; catalogue_url=https://data.cityofrochester.gov/apps/RochesterNY::kiva-rochester; format=ArcGIS GeoServices REST API | access_method=unknown,live_recheck,
Municipalities,638,rochester_ny,,Footprint,reviewed_relevant,a;access,licence=(blank) | access_method=unknown,live_recheck,access_method=rest_bulk (URL is a FeatureServer/MapServer endpoint; the workbook uses rest_bulk for these)
Municipalities,662,rochester_ny,,New York State Municipal Civil Boundaries,reviewed_relevant,a;c;access,licence=(blank) | granularity=unspecified; category=other | access_method=unknown,live_recheck,access_method=rest_bulk (URL is a FeatureServer/MapServer endpoint; the workbook uses rest_bulk for these)
Municipalities,669,rochester_ny,,City of Rochester Commercial Corridor Business Data,reviewed_relevant,a;e;access,licence=(blank) | public_url=https://maps.cityofrochester.gov/portal/apps/webappviewer/index.html?id=35cb0b594af04d0496cac20b054b8fc3; catalogue_url=https://data.cityofrochester.gov/apps/RochesterNY::city-of-rochester-commercial-corridor-business-data; format=ArcGIS GeoServices REST API | access_method=unknown,live_recheck,
Municipalities,676,rochester_ny,,City-Owned Real Estate: Live,reviewed_relevant,a;c;e;access,licence=(blank) | granularity=unspecified; category=other | public_url=https://maps.cityofrochester.gov/portal/apps/webappviewer/index.html?id=eecba714701449c69054851c9ac57198; catalogue_url=https://data.cityofrochester.gov/apps/RochesterNY::city-owned-real-estate-live; format=ArcGIS GeoServices REST API | access_method=unknown,live_recheck,
Municipalities,679,rochester_ny,,Rochester Center City Master Plan,reviewed_relevant,a;c;e;access,licence=(blank) | granularity=unspecified; category=other | public_url=https://data.cityofrochester.gov/documents/RochesterNY::rochester-center-city-master-plan; catalogue_url=(blank); format=Web Page | access_method=unknown,live_recheck,
Municipalities,684,rochester_ny,,Bull's Head Urban Renewal Plan,reviewed_relevant,a;c;e;access,licence=(blank) | granularity=unspecified; category=other | public_url=https://data.cityofrochester.gov/documents/RochesterNY::bulls-head-urban-renewal-plan; catalogue_url=(blank); format=Web Page | access_method=unknown,live_recheck,
Municipalities,693,rochester_ny,,Rochester 2019 Commercial Corridor Study,reviewed_relevant,a;e;access,licence=(blank) | public_url=https://data.cityofrochester.gov/documents/RochesterNY::rochester-2019-commercial-corridor-study; catalogue_url=(blank); format=Web Page | access_method=unknown,live_recheck,
Municipalities,697,rochester_ny,,FEMA National Flood Hazard Layer (NFHL),reviewed_relevant,a;c,licence=(blank) | granularity=unspecified; category=environmental_constraint,live_recheck,
Municipalities,698,rochester_ny,,NFHL Availability,reviewed_relevant,a;c,licence=(blank) | granularity=unspecified; category=other,live_recheck,
Municipalities,699,rochester_ny,,LOMRs,reviewed_relevant,a;c,licence=(blank) | granularity=unspecified; category=other,live_recheck,
Municipalities,702,rochester_ny,,High Water Marks,reviewed_relevant,a;c,licence=(blank) | granularity=unspecified; category=other,live_recheck,
Municipalities,709,rochester_ny,,Limit of Moderate Wave Action,reviewed_relevant,a,licence=(blank),live_recheck,
Municipalities,710,rochester_ny,,Water Lines,reviewed_relevant,a,licence=(blank),live_recheck,
Municipalities,712,rochester_ny,,Levees,reviewed_relevant,a;c,licence=(blank) | granularity=unspecified; category=other,live_recheck,
Municipalities,716,rochester_ny,,Flood Hazard Boundaries,reviewed_relevant,a;c,licence=(blank) | granularity=unspecified; category=environmental_constraint,live_recheck,
Municipalities,717,rochester_ny,,Flood Hazard Zones,reviewed_relevant,a,licence=(blank),live_recheck,
Municipalities,720,rochester_ny,,Alluvial Fans,reviewed_relevant,a;c,licence=(blank) | granularity=unspecified; category=other,live_recheck,
Municipalities,723,rochester_ny,,LOMAs,reviewed_relevant,a;c,licence=(blank) | granularity=unspecified; category=other,live_recheck,
Municipalities,726,rochester_ny,,PLSS,reviewed_relevant,a;c,licence=(blank) | granularity=unspecified; category=other,live_recheck,
Municipalities,727,rochester_ny,,Topographic Low Confidence Areas,reviewed_relevant,a,licence=(blank),live_recheck,
Municipalities,738,rochester_ny,,Recent Property Sales,reviewed_relevant,a;c;e;access,licence=(blank) | granularity=unspecified; category=other | public_url=https://experience.arcgis.com/experience/485fe1f1e8b749fe88cc9987290617d4; catalogue_url=https://data.cityofrochester.gov/apps/485fe1f1e8b749fe88cc9987290617d4; format=ArcGIS GeoServices REST API | access_method=unknown,live_recheck,
Municipalities,750,rochester_ny,,City of Rochester Tax Parcel Records Snapshot 2024 - Reassessment Year,reviewed_relevant,a;access,licence=(blank) | access_method=unknown,live_recheck,access_method=rest_bulk (URL is a FeatureServer/MapServer endpoint; the workbook uses rest_bulk for these)
Municipalities,751,rochester_ny,,Development Ready Investment Sites,reviewed_relevant,a;c;e;access,licence=(blank) | granularity=unspecified; category=other | public_url=https://rochesterny.maps.arcgis.com/apps/instant/attachmentviewer/index.html?appid=e578e0a62b8e4273bf1e4cabffb...; catalogue_url=https://data.cityofrochester.gov/apps/e578e0a62b8e4273bf1e4cabffbc34f9; format=ArcGIS GeoServices REST API | access_method=unknown,live_recheck,
Municipalities,753,rochester_ny,,City of Rochester Tax Parcel Records Snapshot 2020 - Reassessment Year,reviewed_relevant,a;access,licence=(blank) | access_method=unknown,live_recheck,access_method=rest_bulk (URL is a FeatureServer/MapServer endpoint; the workbook uses rest_bulk for these)
Municipalities,756,rochester_ny,,City of Rochester Tax Parcel Records Snapshot 2019,reviewed_relevant,a;access,licence=(blank) | access_method=unknown,live_recheck,access_method=rest_bulk (URL is a FeatureServer/MapServer endpoint; the workbook uses rest_bulk for these)
Municipalities,757,rochester_ny,,City of Rochester Tax Parcel Records Snapshot 2021,reviewed_relevant,a;access,licence=(blank) | access_method=unknown,live_recheck,access_method=rest_bulk (URL is a FeatureServer/MapServer endpoint; the workbook uses rest_bulk for these)
Municipalities,758,rochester_ny,,City of Rochester Tax Parcel Records Snapshot 2022,reviewed_relevant,a;access,licence=(blank) | access_method=unknown,live_recheck,access_method=rest_bulk (URL is a FeatureServer/MapServer endpoint; the workbook uses rest_bulk for these)
Municipalities,759,rochester_ny,,City of Rochester Tax Parcel Records Snapshot 2023,reviewed_relevant,a;access,licence=(blank) | access_method=unknown,live_recheck,access_method=rest_bulk (URL is a FeatureServer/MapServer endpoint; the workbook uses rest_bulk for these)
Municipalities,760,rochester_ny,,City of Rochester Tax Parcel Records Snapshot 2018,reviewed_relevant,a;access,licence=(blank) | access_method=unknown,live_recheck,access_method=rest_bulk (URL is a FeatureServer/MapServer endpoint; the workbook uses rest_bulk for these)
Municipalities,763,rochester_ny,,Tax Parcels Open Data: Data Dictionary,reviewed_relevant,a;b;e;access,licence=(blank) | sensitivity_flag=none; granularity=parcel_or_property | public_url=https://data.cityofrochester.gov/documents/fc86d0addfd0404ea1334ae67e74a66b; catalogue_url=(blank); format=Web Page | access_method=unknown,live_recheck,Parcel row marked none: check for owner-name/PII fields and set sensitivity_flag
Municipalities,764,rochester_ny,,Tax Parcel Records Snapshot 2012 Data Dictionary - Reassessment Year,reviewed_relevant,a;b;e;access,licence=(blank) | sensitivity_flag=none; granularity=parcel_or_property | public_url=https://data.cityofrochester.gov/documents/4f5b276009904cf098067bebd45c2191; catalogue_url=(blank); format=Web Page | access_method=unknown,live_recheck,Parcel row marked none: check for owner-name/PII fields and set sensitivity_flag
Municipalities,765,rochester_ny,,City of Rochester Tax Parcel Records Snapshot 1996 - Reassessment Year,reviewed_relevant,a;b;access,licence=(blank) | sensitivity_flag=none; granularity=parcel_or_property | access_method=unknown,live_recheck,Parcel row marked none: check for owner-name/PII fields and set sensitivity_flag; access_method=rest_bulk (URL is a FeatureServer/MapServer endpoint; the workbook uses rest_bulk for these)
Municipalities,766,rochester_ny,,City of Rochester Tax Parcel Records Snapshot 2008 - Reassessment Year,reviewed_relevant,a;b;access,licence=(blank) | sensitivity_flag=none; granularity=parcel_or_property | access_method=unknown,live_recheck,Parcel row marked none: check for owner-name/PII fields and set sensitivity_flag; access_method=rest_bulk (URL is a FeatureServer/MapServer endpoint; the workbook uses rest_bulk for these)
Municipalities,767,rochester_ny,,City of Rochester Tax Parcel Records Snapshot 2004 - Reassessment Year,reviewed_relevant,a;b;access,licence=(blank) | sensitivity_flag=none; granularity=parcel_or_property | access_method=unknown,live_recheck,Parcel row marked none: check for owner-name/PII fields and set sensitivity_flag; access_method=rest_bulk (URL is a FeatureServer/MapServer endpoint; the workbook uses rest_bulk for these)
Municipalities,768,rochester_ny,,City of Rochester Tax Parcel Records Snapshot 2012 - Reassessment Year,reviewed_relevant,a;b;access,licence=(blank) | sensitivity_flag=none; granularity=parcel_or_property | access_method=unknown,live_recheck,Parcel row marked none: check for owner-name/PII fields and set sensitivity_flag; access_method=rest_bulk (URL is a FeatureServer/MapServer endpoint; the workbook uses rest_bulk for these)
Municipalities,769,rochester_ny,,City of Rochester Tax Parcel Records Snapshot 2000 - Reassessment Year,reviewed_relevant,a;b;access,licence=(blank) | sensitivity_flag=none; granularity=parcel_or_property | access_method=unknown,live_recheck,Parcel row marked none: check for owner-name/PII fields and set sensitivity_flag; access_method=rest_bulk (URL is a FeatureServer/MapServer endpoint; the workbook uses rest_bulk for these)
Municipalities,770,rochester_ny,,Tax Parcel Records Snapshot (1996-2008) Data Doctionary,reviewed_relevant,a;b;e;access,licence=(blank) | sensitivity_flag=none; granularity=parcel_or_property | public_url=https://data.cityofrochester.gov/documents/d6f285d790674b81b072dc2f43f2f874; catalogue_url=(blank); format=Web Page | access_method=unknown,live_recheck,Parcel row marked none: check for owner-name/PII fields and set sensitivity_flag
Municipalities,771,rochester_ny,,City of Rochester Tax Parcel Records: Open Data,reviewed_relevant,a;b;access,licence=(blank) | sensitivity_flag=infrastructure_ownership_attribute | access_method=unknown,live_recheck,Value not in README vocabulary: add it to the vocabulary or remap; access_method=rest_bulk (URL is a FeatureServer/MapServer endpoint; the workbook uses rest_bulk for these)
Municipalities,774,rochester_ny,,"City of Rochester, NY Zoning Districts",reviewed_relevant,a;access,licence=(blank) | access_method=unknown,live_recheck,access_method=rest_bulk (URL is a FeatureServer/MapServer endpoint; the workbook uses rest_bulk for these)
Municipalities,776,rochester_ny,,City Owned Parcels: Live,reviewed_relevant,a;access,licence=(blank) | access_method=unknown,live_recheck,access_method=rest_bulk (URL is a FeatureServer/MapServer endpoint; the workbook uses rest_bulk for these)
Municipalities,781,rochester_ny,,Planning Projects Open Data,reviewed_relevant,a;c;access,licence=(blank) | granularity=unspecified; category=other | access_method=unknown,live_recheck,access_method=rest_bulk (URL is a FeatureServer/MapServer endpoint; the workbook uses rest_bulk for these)
Municipalities,792,rochester_ny,,Rochester Urban Forest Master Plan,reviewed_relevant,a;c;e;access,licence=(blank) | granularity=unspecified; category=other | public_url=https://data.cityofrochester.gov/documents/RochesterNY::rochester-urban-forest-master-plan; catalogue_url=(blank); format=Web Page | access_method=unknown,live_recheck,
Municipalities,802,rochester_ny,,City Owned Real Estate Inventory Parcels Live Data Dictionary,reviewed_relevant,a;b;e;access,licence=(blank) | sensitivity_flag=none; granularity=parcel_or_property | public_url=https://data.cityofrochester.gov/documents/RochesterNY::city-owned-real-estate-inventory-parcels-live-data-dic...; catalogue_url=(blank); format=Web Page | access_method=unknown,live_recheck,Parcel row marked none: check for owner-name/PII fields and set sensitivity_flag
Municipalities,803,rochester_ny,,Lyelll-Lake-State (LYLAKS) Street Brownfield Opportunity Area Revitalization Strategy,reviewed_relevant,a;e;access,licence=(blank) | public_url=https://data.cityofrochester.gov/documents/RochesterNY::lyelll-lake-state-lylaks-street-brownfield-opportunity...; catalogue_url=(blank); format=Web Page | access_method=unknown,live_recheck,
Municipalities,804,rochester_ny,,City of Rochester Vacuum Oil Brownfield Opportunity Area (BOA),reviewed_relevant,a;e;access,licence=(blank) | public_url=https://data.cityofrochester.gov/documents/RochesterNY::city-of-rochester-vacuum-oil-brownfield-opportunity-ar...; catalogue_url=(blank); format=Web Page | access_method=unknown,live_recheck,
Municipalities,811,rochester_ny,,Rochester Local Waterfront Revitalization Program (LWRP),reviewed_relevant,a;c;e;access,licence=(blank) | granularity=unspecified; category=other | public_url=https://data.cityofrochester.gov/documents/RochesterNY::rochester-local-waterfront-revitalization-program-lwrp; catalogue_url=(blank); format=Web Page | access_method=unknown,live_recheck,
Municipalities,815,rochester_ny,,Building Footprints: Live,reviewed_relevant,a;access,licence=(blank) | access_method=unknown,live_recheck,access_method=rest_bulk (URL is a FeatureServer/MapServer endpoint; the workbook uses rest_bulk for these)
Municipalities,818,rochester_ny,,Zoning Overlay Districts,reviewed_relevant,a;access,licence=(blank) | access_method=unknown,live_recheck,access_method=rest_bulk (URL is a FeatureServer/MapServer endpoint; the workbook uses rest_bulk for these)
Municipalities,819,rochester_ny,,Preservation Districts,reviewed_relevant,a;access,licence=(blank) | access_method=unknown,live_recheck,access_method=rest_bulk (URL is a FeatureServer/MapServer endpoint; the workbook uses rest_bulk for these)
Municipalities,820,rochester_ny,,Zoning Districts,reviewed_relevant,a;access,licence=(blank) | access_method=unknown,live_recheck,access_method=rest_bulk (URL is a FeatureServer/MapServer endpoint; the workbook uses rest_bulk for these)
Municipalities,821,rochester_ny,,City Owned Real Estate Inventory Parcels: Live,reviewed_relevant,a;b;access,licence=(blank) | sensitivity_flag=none; granularity=parcel_or_property | access_method=unknown,live_recheck,Parcel row marked none: check for owner-name/PII fields and set sensitivity_flag; access_method=rest_bulk (URL is a FeatureServer/MapServer endpoint; the workbook uses rest_bulk for these)
Municipalities,822,rochester_ny,,Tax Parcels Vacant Land- Live,reviewed_relevant,a;access,licence=(blank) | access_method=unknown,live_recheck,access_method=rest_bulk (URL is a FeatureServer/MapServer endpoint; the workbook uses rest_bulk for these)
Municipalities,836,brantford,,City of Brantford Zoning Districts,reviewed_relevant,a,licence=(blank),live_recheck,
Municipalities,839,brantford,,City of Brantford Site Addresses 2,reviewed_relevant,a;c,licence=(blank) | granularity=unspecified; category=address,live_recheck,granularity=point_facility (from category=address)
Municipalities,841,brantford,,City of Brantford Building Footprints,reviewed_relevant,a,licence=(blank),live_recheck,
Municipalities,845,brantford,,City of Brantford Municipal Boundary,reviewed_relevant,a,licence=(blank),live_recheck,
Municipalities,847,brantford,,City of Brantford Parcel Fabric,reviewed_relevant,a;b,licence=(blank) | sensitivity_flag=none; granularity=parcel_or_property,live_recheck,Parcel row marked none: check for owner-name/PII fields and set sensitivity_flag
Municipalities,849,st_catharines,,Heritage Properties Public,reviewed_relevant,a;c,licence=(blank) | granularity=unspecified; category=environmental_constraint,live_recheck,
Municipalities,851,st_catharines,,Building Permits Public,reviewed_relevant,a,licence=(blank),live_recheck,
Municipalities,866,fort_erie,,Fort Erie Municipal Buildings and Facilities,reviewed_relevant,a;c;e,licence=(blank) | granularity=unspecified; category=building_footprint | public_url=https://niagaraopendata.ca/dataset/fort-erie-municipal-buildings-and-facilities; catalogue_url=https://niagaraopendata.ca/dataset/fort-erie-municipal-buildings-and-facilities; format=SHP,live_recheck,granularity=building_or_structure (from category=building_footprint)
Municipalities,867,fort_erie,,Fort Erie Municipal Boundary,reviewed_relevant,a,licence=(blank),live_recheck,
Municipalities,878,lincoln,,Vineland Community Improvement Plan Boundaries,reviewed_relevant,a;c;e,licence=(blank) | granularity=unspecified; category=other | public_url=https://niagaraopendata.ca/dataset/vineland-community-improvement-plan-boundaries; catalogue_url=https://niagaraopendata.ca/dataset/vineland-community-improvement-plan-boundaries; format=SHP,live_recheck,
Municipalities,880,lincoln,,Lincoln Zoning Information,reviewed_relevant,a;e,licence=(blank) | public_url=https://niagaraopendata.ca/dataset/lincoln-zoning-information; catalogue_url=https://niagaraopendata.ca/dataset/lincoln-zoning-information; format=SHP,live_recheck,
Municipalities,884,lincoln,,Lincoln Greenbelt Boundaries,reviewed_relevant,a;c;e,licence=(blank) | granularity=unspecified; category=environmental_constraint | public_url=https://niagaraopendata.ca/dataset/lincoln-greenbelt-boundaries; catalogue_url=https://niagaraopendata.ca/dataset/lincoln-greenbelt-boundaries; format=SHP,live_recheck,
Municipalities,886,lincoln,,Beamsville Community Improvement Plan Boundaries,reviewed_relevant,a;c;e,licence=(blank) | granularity=unspecified; category=other | public_url=https://niagaraopendata.ca/dataset/beamsville-community-improvement-plan-boundaries; catalogue_url=https://niagaraopendata.ca/dataset/beamsville-community-improvement-plan-boundaries; format=SHP,live_recheck,
Municipalities,887,lincoln,,Aquatic Species at Risk Maps (Jordan),reviewed_relevant,a;c;e,licence=(blank) | granularity=unspecified; category=other | public_url=https://niagaraopendata.ca/dataset/aquatic-species-at-risk-maps-jordan; catalogue_url=https://niagaraopendata.ca/dataset/aquatic-species-at-risk-maps-jordan; format=JPEG,live_recheck,
Municipalities,888,lincoln,,"Aquatic Species at Risk Maps (Beamsville, Vineland, Campden, Tintern)",reviewed_relevant,a;c;e,licence=(blank) | granularity=unspecified; category=other | public_url=https://niagaraopendata.ca/dataset/aquatic-species-at-risk-maps-beamsville-vineland-campden-tintern; catalogue_url=https://niagaraopendata.ca/dataset/aquatic-species-at-risk-maps-beamsville-vineland-campden-tintern; format=JPEG,live_recheck,
Municipalities,891,buffalo_ny,,"Licensed Contractors in the City of Buffalo (General, Home, Handyman, Light Commercial)",reviewed_relevant,a;c,licence=(blank) | granularity=unspecified; category=business_registry,live_recheck,
Municipalities,892,buffalo_ny,,Active Code Violations,reviewed_relevant,a;c,licence=(blank) | granularity=unspecified; category=other,live_recheck,
Municipalities,893,buffalo_ny,,Licensed Contractors: Master Electrician,reviewed_relevant,a;c,licence=(blank) | granularity=unspecified; category=business_registry,live_recheck,
Municipalities,894,buffalo_ny,,"Licensed Contractors: Plumbers, Journeyman and Master",reviewed_relevant,a;c,licence=(blank) | granularity=unspecified; category=business_registry,live_recheck,
Municipalities,900,buffalo_ny,,Licensed Contractors: Light Commercial Contractors,reviewed_relevant,a;c,licence=(blank) | granularity=unspecified; category=business_registry,live_recheck,
Municipalities,901,buffalo_ny,,Licensed Contractors: Home Improvement Contractors,reviewed_relevant,a;c,licence=(blank) | granularity=unspecified; category=business_registry,live_recheck,
Municipalities,905,buffalo_ny,,Licensed Contractors: Handyman Contractors,reviewed_relevant,a;c,licence=(blank) | granularity=unspecified; category=business_registry,live_recheck,
Municipalities,906,buffalo_ny,,Licensed Contractors: General Contractors,reviewed_relevant,a;c,licence=(blank) | granularity=unspecified; category=business_registry,live_recheck,
Municipalities,907,buffalo_ny,,CSX Properties,reviewed_relevant,a;c,licence=(blank) | granularity=unspecified; category=other,live_recheck,
Municipalities,908,buffalo_ny,,Building Permits Issued in 2017,reviewed_relevant,a,licence=(blank),live_recheck,
Municipalities,910,buffalo_ny,,"Code Violations related to Peeling Paint, Carbon Monoxide or Smoke Detectors, and Wiring",reviewed_relevant,a;c,licence=(blank) | granularity=unspecified; category=other,live_recheck,
Municipalities,916,buffalo_ny,,"Code Violations with Description of ""Protective Treatment""",reviewed_relevant,a;c,licence=(blank) | granularity=unspecified; category=other,live_recheck,
Municipalities,925,buffalo_ny,,Lead Paint - Code Violations,reviewed_relevant,a;c,licence=(blank) | granularity=unspecified; category=other,live_recheck,
Municipalities,926,buffalo_ny,,Norfolk Southern Map,reviewed_relevant,a;c,licence=(blank) | granularity=unspecified; category=other,live_recheck,
Municipalities,928,buffalo_ny,,Window-Related Permits Since Jan 2018,reviewed_relevant,a;c,licence=(blank) | granularity=unspecified; category=other,live_recheck,
Municipalities,949,buffalo_ny,,Rail Properties True Tax,reviewed_relevant,a;c,licence=(blank) | granularity=unspecified; category=transportation,live_recheck,
Municipalities,981,buffalo_ny,,Norfolk Southern Properties,reviewed_relevant,a;c,licence=(blank) | granularity=unspecified; category=other,live_recheck,
Municipalities,993,welland,,Welland Consolidated Zoning: Environmental Protection Area,reviewed_relevant,a,licence=(blank),live_recheck,
Municipalities,994,welland,,Welland Consolidated Zoning: Environmental Control Area,reviewed_relevant,a,licence=(blank),live_recheck,
Municipalities,995,welland,,Welland Consolidated Zoning: Current Zoning,reviewed_relevant,a,licence=(blank),live_recheck,
Municipalities,996,welland,,Welland Consolidated Zoning: Old Zoning,reviewed_relevant,a,licence=(blank),live_recheck,
Municipalities,997,welland,welland_op_schedule_b,Welland Official Plan Schedule B: OfficialPlan Area Specific Policy,admitted_in_mcs,c,granularity=unspecified; category=land_use,mechanical,granularity=area_or_zone (from category=land_use)
Municipalities,998,welland,welland_op_schedule_b,Welland Official Plan Schedule B: Official Plan Appeal Deferral Areas,admitted_in_mcs,c,granularity=unspecified; category=land_use,mechanical,granularity=area_or_zone (from category=land_use)
Municipalities,999,welland,welland_op_schedule_b,Welland Official Plan Schedule B: Official Plan Schedule B,admitted_in_mcs,c,granularity=unspecified; category=land_use,mechanical,granularity=area_or_zone (from category=land_use)
Municipalities,1000,rochester_ny,,Code Enforcement Inspector Areas: Inspector Areas,reviewed_relevant,a,licence=(blank),live_recheck,
Municipalities,1001,rochester_ny,,Code Enforcement Inspector Areas: Sub Areas,reviewed_relevant,a,licence=(blank),live_recheck,
Municipalities,1002,rochester_ny,,"City of Rochester Zoning, Preservation, and Overlay Districts: Zoning Overlay Districts",reviewed_relevant,a,licence=(blank),live_recheck,
Municipalities,1003,rochester_ny,,"City of Rochester Zoning, Preservation, and Overlay Districts: Preservation Districts",reviewed_relevant,a,licence=(blank),live_recheck,
Municipalities,1004,rochester_ny,,"City of Rochester Zoning, Preservation, and Overlay Districts: Zoning Districts",reviewed_relevant,a,licence=(blank),live_recheck,
Cross-Cutting Regional,2,cross-cutting: Hamilton–Niagara–WNY study bbox (cross-border),osm_industrial_land,OSM industrial land (Overpass),admitted_in_mcs,c,granularity=unspecified; category=land_use,mechanical,granularity=area_or_zone (from category=land_use)
Cross-Cutting Regional,4,cross-cutting: Hamilton–Niagara–WNY bbox,osm_brownfield_disused,OSM brownfield & recorded disused,admitted_in_mcs,c,granularity=unspecified; category=building_footprint,mechanical,granularity=building_or_structure (from category=building_footprint)
Cross-Cutting Regional,5,cross-cutting: Hamilton–Niagara–WNY bbox,osm_industrial_places,OSM industrial places / facilities,admitted_in_mcs,c,granularity=unspecified; category=other,review,
Cross-Cutting Regional,6,cross-cutting: Niagara Region,niagara_departures,Niagara Departures (derived),admitted_in_mcs,c;e,granularity=unspecified; category=business_registry | public_url=n/a — derived; catalogue_url=(blank); format=,live_recheck,"public_url is a fragment, not a full URL: expand to full https endpoint"
Cross-Cutting Regional,7,cross-cutting: NPCA jurisdiction,npca_floodplain,NPCA Regulated Floodplain Extent,admitted_in_mcs,a;e,licence=unclear | public_url=https://www.arcgis.com (owner npca.dmccullagh); catalogue_url=(blank); format=,live_recheck,
Cross-Cutting Regional,8,cross-cutting: NPCA area,npca_assessment_parcels,NPCA Assessment Parcels,admitted_in_mcs,a;b;e,licence=unclear | sensitivity_flag=none; granularity=parcel_or_property | public_url=NPCA ArcGIS Online; catalogue_url=(blank); format=,live_recheck,"Parcel row marked none: check for owner-name/PII fields and set sensitivity_flag; public_url is a fragment, not a full URL: expand to full https endpoint"
Cross-Cutting Regional,9,cross-cutting: Haldimand County (western peninsula / Brantford corridor adjacency),haldimand_zones_footprints,Haldimand County Zones & Building Footprints,admitted_in_mcs,a;e,licence=unclear | public_url=https://gis.haldimandcounty.ca; catalogue_url=(blank); format=,live_recheck,
Cross-Cutting Regional,10,cross-cutting: Canada (facility-level; filter to study area),eccc_npri,ECCC National Pollutant Release Inventory (NPRI),admitted_in_mcs,c;e,granularity=unspecified; category=environmental_constraint | public_url=https://data-donnees.ec.gc.ca; catalogue_url=(blank); format=,live_recheck,
Cross-Cutting Regional,11,cross-cutting: Ontario,ontario_rsc_brownfields,Ontario Brownfields environmental site registry / RSC,admitted_in_mcs,a;c;e,licence=unclear | granularity=unspecified; category=environmental_constraint | public_url=https://data.ontario.ca (catalogue; no resources); catalogue_url=(blank); format=,live_recheck,
Cross-Cutting Regional,12,cross-cutting: Ontario,mpac_ontario_parcels,MPAC / Ontario land parcels (assessment),admitted_in_mcs,b;e,sensitivity_flag=none; granularity=parcel_or_property | public_url=n/a — fee-based; catalogue_url=(blank); format=,live_recheck,"Parcel row marked none: check for owner-name/PII fields and set sensitivity_flag; public_url is a fragment, not a full URL: expand to full https endpoint"
Cross-Cutting Regional,13,cross-cutting: Seaway incl. Welland Canal,seaway_vessel_transits,St. Lawrence Seaway vessel transits,admitted_in_mcs,c;e,granularity=unspecified; category=transportation | public_url=https://greatlakes-seaway.com/en/seaway/transit/; catalogue_url=(blank); format=,live_recheck,
Cross-Cutting Regional,14,cross-cutting: Hamilton; Niagara Falls,hamilton_nf_contours,Hamilton Contours / Niagara Falls 1m Contours,admitted_in_mcs,a;c;d;e,licence=unclear | granularity=unspecified; category=other | domain_primary=Unclassified; relevance_match= | public_url=municipal FeatureServers; catalogue_url=(blank); format=,live_recheck,"public_url is a fragment, not a full URL: expand to full https endpoint"
Cross-Cutting Regional,15,cross-cutting: study bbox,nrcan_mrdem_hillshade,NRCan MRDEM hillshade (display),admitted_in_mcs,c;d;e,granularity=unspecified; category=other | domain_primary=Unclassified; relevance_match= | public_url=NRCan MRDEM / hillshade products; catalogue_url=(blank); format=,live_recheck,"public_url is a fragment, not a full URL: expand to full https endpoint"
Cross-Cutting Regional,18,cross-cutting: New York State (clip Erie/Niagara + v1 counties),nys_dec_registries,NYS DEC regulated facility registries,admitted_in_mcs,c,granularity=unspecified; category=other,review,
Cross-Cutting Regional,19,cross-cutting: New York State,nys_dot_truck_aadt,NYS DOT Truck AADT & Percent Truck,admitted_in_mcs,c,granularity=unspecified; category=transportation,review,
Cross-Cutting Regional,20,cross-cutting: Erie (36029) & Niagara (36063) counties (extend to v1 county list),us_cbp_2022,US Census County Business Patterns 2022,admitted_in_mcs,e,public_url=https://api.census.gov/data/2022/cbp; catalogue_url=(blank); format=,live_recheck,
Cross-Cutting Regional,21,cross-cutting: Erie FIPS 36029; Niagara 36063 (+ v1 counties),epa_tri,EPA Envirofacts / TRI facilities,admitted_in_mcs,c;d;e,granularity=unspecified; category=other | domain_primary=Unclassified; relevance_match= | public_url=https://data.epa.gov/efservice/; catalogue_url=(blank); format=,live_recheck,
Cross-Cutting Regional,22,cross-cutting: CA Brantford/Brant/Port Dover corridor (v1 framing) — NOT YET RECONNED,brantford_brant_port_dover_gap,Brantford / Brant / Port Dover municipal datasets,admitted_in_mcs,a;c;e;access,licence=unclear | granularity=unspecified; category=transportation | public_url=not yet documented in heavymap recon; catalogue_url=(blank); format= | access_method=unknown,live_recheck,"public_url is a fragment, not a full URL: expand to full https endpoint"
Cross-Cutting Regional,23,"cross-cutting: Chautauqua, Cattaraugus, Wyoming, Genesee, Orleans, Monroe NY",us_v1_counties_gap,US v1 counties beyond Erie/Niagara (Chautauqua Cattaraugus Wyoming Genesee Orleans Monroe),admitted_in_mcs,a;c;e,licence=unclear | granularity=unspecified; category=parcel | public_url=https://data.gis.ny.gov + county servers; catalogue_url=(blank); format=,live_recheck,granularity=parcel_or_property (from category=parcel)
Cross-Cutting Regional,24,cross-cutting: Niagara (QEW/406/405 corridors); Lincoln MTO approval lands as same object,mto_buffer_controlled_areas,MTO Buffer Controlled Areas (incl Lincoln approvals),admitted_in_mcs,a;e,licence=unclear | public_url=(blank); catalogue_url=(blank); format=,live_recheck,
Cross-Cutting Regional,33,cross-cutting: New York State,nys_opendata_notprobed,"NYS Open Data (data.ny.gov, Socrata)",reviewed_relevant,a,"licence=not stated -- NY state open data terms presumed, not confirmed",review,Licence is a presumption; confirm NY open data terms apply or record explicit licence
Cross-Cutting Regional,35,cross-cutting: New York State,nys_environmental_remediation_sites,NYS Environmental Remediation Sites,reviewed_relevant,a,licence=not stated -- NY state open data terms presumed,review,Licence is a presumption; confirm NY open data terms apply or record explicit licence
Cross-Cutting Regional,36,cross-cutting: New York State,nys_startup_ny_zones,START-UP NY Tax-Free Area Locations,reviewed_relevant,a,licence=not stated -- NY state open data terms presumed,review,Licence is a presumption; confirm NY open data terms apply or record explicit licence
Cross-Cutting Regional,38,cross-cutting: Grand River watershed,grca_grca_gis_v2_0,GRCA: Dam,reviewed_relevant,a,licence=not stated -- needs a direct check,review,
Cross-Cutting Regional,42,cross-cutting: Grand River watershed,grca_grca_gis_v2_4,GRCA: Sewage Treatment Plant,reviewed_relevant,a;b,licence=not stated -- needs a direct check | sensitivity_flag=infrastructure_ownership_attribute,review,Value not in README vocabulary: add it to the vocabulary or remap
Cross-Cutting Regional,48,cross-cutting: Grand River watershed,grca_grca_gis_v2_10,GRCA: Watercourse,reviewed_relevant,a,licence=not stated -- needs a direct check,review,
Cross-Cutting Regional,49,cross-cutting: Grand River watershed,grca_grca_gis_v2_11,GRCA: Watercourse - Major,reviewed_relevant,a,licence=not stated -- needs a direct check,review,
Cross-Cutting Regional,50,cross-cutting: Grand River watershed,grca_grca_gis_v2_12,GRCA: Watercourse - Regional,reviewed_relevant,a,licence=not stated -- needs a direct check,review,
Cross-Cutting Regional,51,cross-cutting: Grand River watershed,grca_grca_gis_v2_13,GRCA: Watercourse - Local,reviewed_relevant,a,licence=not stated -- needs a direct check,review,
Cross-Cutting Regional,52,cross-cutting: Grand River watershed,grca_grca_gis_v2_14,GRCA: Watershed Boundary,reviewed_relevant,a,licence=not stated -- needs a direct check,review,
Cross-Cutting Regional,53,cross-cutting: Grand River watershed,grca_grca_gis_v2_15,GRCA: Municipal Boundary,reviewed_relevant,a,licence=not stated -- needs a direct check,review,
Cross-Cutting Regional,56,cross-cutting: Grand River watershed,grca_grca_gis_v2_18,GRCA: Conservation Area Boundary,reviewed_relevant,a,licence=not stated -- needs a direct check,review,
Cross-Cutting Regional,57,cross-cutting: Grand River watershed,grca_grca_gis_v2_19,GRCA: CA Boundary - Local,reviewed_relevant,a,licence=not stated -- needs a direct check,review,
Cross-Cutting Regional,58,cross-cutting: Grand River watershed,grca_grca_gis_v2_20,GRCA: CA Boundary - Regional,reviewed_relevant,a,licence=not stated -- needs a direct check,review,
Cross-Cutting Regional,59,cross-cutting: Grand River watershed,grca_grca_gis_v2_21,GRCA: Regulation Limit,reviewed_relevant,a,licence=not stated -- needs a direct check,review,
Cross-Cutting Regional,60,cross-cutting: Grand River watershed,grca_grca_gis_v2_22,GRCA: Floodplain,reviewed_relevant,a,licence=not stated -- needs a direct check,review,
Cross-Cutting Regional,64,cross-cutting: Grand River watershed,grca_grca_gis_v2_26,GRCA: Lake Erie Erosion,reviewed_relevant,a,licence=not stated -- needs a direct check,review,
Cross-Cutting Regional,65,cross-cutting: Grand River watershed,grca_grca_gis_v2_27,GRCA: Wetland,reviewed_relevant,a,licence=not stated -- needs a direct check,review,
Cross-Cutting Regional,66,cross-cutting: Grand River watershed,grca_grca_gis_v2_28,GRCA: Slope Valley,reviewed_relevant,a,licence=not stated -- needs a direct check,review,
Cross-Cutting Regional,67,cross-cutting: Grand River watershed,grca_grca_gis_v2_29,GRCA: Slope Erosion,reviewed_relevant,a,licence=not stated -- needs a direct check,review,
Cross-Cutting Regional,68,cross-cutting: Grand River watershed,grca_grca_gis_v2_30,GRCA: Waterbody,reviewed_relevant,a,licence=not stated -- needs a direct check,review,
Cross-Cutting Regional,69,cross-cutting: Grand River watershed,grca_grca_gis_v2_31,GRCA: Waterbody - Major,reviewed_relevant,a,licence=not stated -- needs a direct check,review,
Cross-Cutting Regional,70,cross-cutting: Grand River watershed,grca_grca_gis_v2_32,GRCA: Waterbody - Regional,reviewed_relevant,a,licence=not stated -- needs a direct check,review,
Cross-Cutting Regional,71,cross-cutting: Grand River watershed,grca_grca_gis_v2_33,GRCA: Waterbody - Local,reviewed_relevant,a,licence=not stated -- needs a direct check,review,
Cross-Cutting Regional,73,cross-cutting: Grand River watershed,grca_grca_swp_v2_1,GRCA: Surface Water Intake,reviewed_relevant,a,licence=not stated -- needs a direct check,review,
Cross-Cutting Regional,74,cross-cutting: Grand River watershed,grca_grca_swp_v2_2,GRCA: Source Protection Boundary,reviewed_relevant,a,licence=not stated -- needs a direct check,review,
Cross-Cutting Regional,76,cross-cutting: Grand River watershed,grca_grca_swp_v2_4,GRCA: IPZ Vulnerability,reviewed_relevant,a,licence=not stated -- needs a direct check,review,
Cross-Cutting Regional,78,cross-cutting: Grand River watershed,grca_grca_swp_v2_6,GRCA: IPZ-Intake Protection Zone,reviewed_relevant,a,licence=not stated -- needs a direct check,review,
Cross-Cutting Regional,79,cross-cutting: Grand River watershed,grca_grca_swp_v2_7,GRCA: WHPA-Wellhead Protection Area,reviewed_relevant,a,licence=not stated -- needs a direct check,review,
Cross-Cutting Regional,80,cross-cutting: Grand River watershed,grca_grca_swp_v2_8,GRCA: WHPA Vulnerability,reviewed_relevant,a,licence=not stated -- needs a direct check,review,
Cross-Cutting Regional,81,cross-cutting: Grand River watershed,grca_grca_swp_v2_9,GRCA: Signif. GW Recharge - Tier 2,reviewed_relevant,a,licence=not stated -- needs a direct check,review,
Cross-Cutting Regional,82,cross-cutting: Grand River watershed,grca_grca_swp_v2_10,GRCA: WHPA-GUDI Vulnerability,reviewed_relevant,a,licence=not stated -- needs a direct check,review,
Cross-Cutting Regional,83,cross-cutting: Grand River watershed,grca_grca_swp_v2_11,GRCA: Wellhead Water Quantity Zone,reviewed_relevant,a,licence=not stated -- needs a direct check,review,
Cross-Cutting Regional,84,cross-cutting: Grand River watershed,grca_grca_swp_v2_12,GRCA: Intrinsic Vulnerability,reviewed_relevant,a,licence=not stated -- needs a direct check,review,
Cross-Cutting Regional,85,cross-cutting: Grand River watershed,grca_grca_swp_v2_13,GRCA: Intake Water Quantity Zone,reviewed_relevant,a,licence=not stated -- needs a direct check,review,
Cross-Cutting Regional,114,cross-cutting: Hamilton-area watersheds,hca_6&sublayer=0,HCA: HCA Forest Cover,reviewed_relevant,b,sensitivity_flag=infrastructure_ownership_attribute,review,Value not in README vocabulary: add it to the vocabulary or remap
Cross-Cutting Regional,120,cross-cutting: Niagara Region,brock_dataset_2,Niagara Historical Map Gallery,reviewed_relevant,e,public_url=https://niagaraopendata.ca/dataset/niagara-historical-map-gallery; catalogue_url=https://niagaraopendata.ca/organization/brock-university; format=,live_recheck,
Cross-Cutting Regional,121,cross-cutting: Niagara Region,brock_dataset_3,"Port Dalhousie, situated at the termination of the Welland Canal, Lake Ontario, 1839",reviewed_relevant,e,public_url=https://dr.library.brocku.ca/handle/10464/10754; catalogue_url=https://niagaraopendata.ca/organization/brock-university; format=,live_recheck,
Cross-Cutting Regional,122,cross-cutting: Niagara Region,brock_dataset_4,Niagara Air Photo Index,reviewed_relevant,e,public_url=https://niagaraopendata.ca/dataset/niagara-air-photo-index; catalogue_url=https://niagaraopendata.ca/organization/brock-university; format=,live_recheck,
Cross-Cutting Regional,141,cross-cutting: New York State (statewide unless noted),nys_od_y4ic-kfv6,Composting - Solid Waste Management Facilities Map,reviewed_relevant,a;c,licence=not stated -- NY state open data terms presumed | granularity=unspecified; category=other,review,Licence is a presumption; confirm NY open data terms apply or record explicit licence
Cross-Cutting Regional,146,cross-cutting: New York State (statewide unless noted),nys_od_3x8r-34rs,Solar Electric Programs Reported by NYSERDA: Beginning 2000,reviewed_relevant,a;c;d,licence=not stated -- NY state open data terms presumed | granularity=unspecified; category=other | domain_primary=Unclassified; relevance_match=,review,Licence is a presumption; confirm NY open data terms apply or record explicit licence
Cross-Cutting Regional,192,cross-cutting: New York State (statewide unless noted),nys_od_c7uj-3v4k,Household Hazardous Waste - Solid Waste Management Facilities Map,reviewed_relevant,a;c,licence=not stated -- NY state open data terms presumed | granularity=unspecified; category=other,review,Licence is a presumption; confirm NY open data terms apply or record explicit licence
Cross-Cutting Regional,193,cross-cutting: New York State (statewide unless noted),nys_od_2fni-raj8,Solid Waste Management Facilities,reviewed_relevant,a;b;c,licence=not stated -- NY state open data terms presumed | sensitivity_flag=business_operator_identifier | granularity=unspecified; category=other,review,Licence is a presumption; confirm NY open data terms apply or record explicit licence; Value not in README vocabulary: add it to the vocabulary or remap
Cross-Cutting Regional,195,cross-cutting: New York State (statewide unless noted),nys_od_hra5-yqwi,Construction and Demolition (C&D) Debris - Solid Waste Management Facilities Map,reviewed_relevant,a;c,licence=not stated -- NY state open data terms presumed | granularity=unspecified; category=other,review,Licence is a presumption; confirm NY open data terms apply or record explicit licence
Cross-Cutting Regional,198,cross-cutting: New York State (statewide unless noted),nys_od_26ei-n4eb,Database of Economic Incentives,reviewed_relevant,a;c;d,licence=not stated -- NY state open data terms presumed | granularity=unspecified; category=other | domain_primary=Unclassified; relevance_match=,review,Licence is a presumption; confirm NY open data terms apply or record explicit licence
Cross-Cutting Regional,199,cross-cutting: New York State (statewide unless noted),nys_od_afg5-7i6u,Landfill - Solid Waste Management Facilities Map,reviewed_relevant,a;c,licence=not stated -- NY state open data terms presumed | granularity=unspecified; category=other,review,Licence is a presumption; confirm NY open data terms apply or record explicit licence
Cross-Cutting Regional,200,cross-cutting: New York State (statewide unless noted),nys_od_avuu-s8z3,Transfer Stations - Solid Waste Management Facilities Map,reviewed_relevant,a;c,licence=not stated -- NY state open data terms presumed | granularity=unspecified; category=other,review,Licence is a presumption; confirm NY open data terms apply or record explicit licence
Cross-Cutting Regional,217,cross-cutting: New York State (statewide unless noted),nys_od_q4g7-jbni,Biosolids Storage & Processing - Solid Waste Management Facilities Map,reviewed_relevant,a;c,licence=not stated -- NY state open data terms presumed | granularity=unspecified; category=other,review,Licence is a presumption; confirm NY open data terms apply or record explicit licence
Cross-Cutting Regional,222,cross-cutting: New York State (statewide unless noted),nys_od_j5ab-5nj2,Local Development Corporations Grants Dataset,reviewed_relevant,a;c;d,licence=not stated -- NY state open data terms presumed | granularity=unspecified; category=other | domain_primary=Unclassified; relevance_match=,review,Licence is a presumption; confirm NY open data terms apply or record explicit licence
Cross-Cutting Regional,235,cross-cutting: New York State (statewide unless noted),nys_od_vud8-75x8,Brownfield Redevelopment Credit: Beginning Calendar Year 2005,reviewed_relevant,a;c,licence=not stated -- NY state open data terms presumed | granularity=unspecified; category=other,review,Licence is a presumption; confirm NY open data terms apply or record explicit licence
Cross-Cutting Regional,240,cross-cutting: New York State (statewide unless noted),nys_od_v9cx-y7xx,Recyclables Handling & Recovery Facilities (RHRF) - Solid Waste Management Facilities Map,reviewed_relevant,a;c,licence=not stated -- NY state open data terms presumed | granularity=unspecified; category=other,review,Licence is a presumption; confirm NY open data terms apply or record explicit licence
Cross-Cutting Regional,247,cross-cutting: New York State (statewide unless noted),nys_od_nmqt-x5vm,Directory of Local Development Corporations,reviewed_relevant,a;c;d,licence=not stated -- NY state open data terms presumed | granularity=unspecified; category=other | domain_primary=Unclassified; relevance_match=,review,Licence is a presumption; confirm NY open data terms apply or record explicit licence
Cross-Cutting Regional,255,cross-cutting: New York State (statewide unless noted),nys_od_7rrd-248n,Electric Vehicle Charging Stations in New York,reviewed_relevant,a;c;d,licence=not stated -- NY state open data terms presumed | granularity=unspecified; category=other | domain_primary=Unclassified; relevance_match=,review,Licence is a presumption; confirm NY open data terms apply or record explicit licence
Cross-Cutting Regional,257,cross-cutting: New York State (statewide unless noted),nys_od_qpvd-9uim,Waste Combustion - Solid Waste Management Facilities Map,reviewed_relevant,a;c,licence=not stated -- NY state open data terms presumed | granularity=unspecified; category=other,review,Licence is a presumption; confirm NY open data terms apply or record explicit licence
Cross-Cutting Regional,261,cross-cutting: New York State (statewide unless noted),nys_od_pzvp-y7tq,Vehicle Dismantling & Crushing - Solid Waste Management Facilities Map,reviewed_relevant,a;c,licence=not stated -- NY state open data terms presumed | granularity=unspecified; category=other,review,Licence is a presumption; confirm NY open data terms apply or record explicit licence
Cross-Cutting Regional,263,cross-cutting: New York State (statewide unless noted),nys_od_rayr-kr9g,Land Application - Solid Waste Management Facilities Map,reviewed_relevant,a;c,licence=not stated -- NY state open data terms presumed | granularity=unspecified; category=other,review,Licence is a presumption; confirm NY open data terms apply or record explicit licence
Cross-Cutting Regional,265,cross-cutting: New York State (statewide unless noted),nys_od_9jju-c68x,Automobiles Annual Imports and Exports Through Port Authority of NY NJ Maritime Terminals Bar Chart: Beginning 2000,reviewed_relevant,a;c,licence=not stated -- NY state open data terms presumed | granularity=unspecified; category=other,review,Licence is a presumption; confirm NY open data terms apply or record explicit licence
Cross-Cutting Regional,267,cross-cutting: New York State (statewide unless noted),nys_od_635g-4qx7,Brownfield Real Property Tax Credit and Environmental Remediated Insurance Credit: Beginning Calendar Year 2005,reviewed_relevant,a;c,licence=not stated -- NY state open data terms presumed | granularity=unspecified; category=other,review,Licence is a presumption; confirm NY open data terms apply or record explicit licence
Cross-Cutting Regional,270,cross-cutting: New York State (statewide unless noted),nys_od_u49g-d7hw,Automobiles Annual Imports and Exports Through Port Authority of NY NJ Maritime Terminals: Beginning 2000,reviewed_relevant,a;c,licence=not stated -- NY state open data terms presumed | granularity=unspecified; category=other,review,Licence is a presumption; confirm NY open data terms apply or record explicit licence
Cross-Cutting Regional,272,cross-cutting: New York State (statewide unless noted),nys_od_2u8k-a2sw,Directory of Industrial Development Agencies,reviewed_relevant,a;c,licence=not stated -- NY state open data terms presumed | granularity=unspecified; category=other,review,Licence is a presumption; confirm NY open data terms apply or record explicit licence
Cross-Cutting Regional,275,cross-cutting: New York State (statewide unless noted),nys_od_sjc6-ftj4,Broadband Availability By Municipality,reviewed_relevant,a;c,licence=not stated -- NY state open data terms presumed | granularity=unspecified; category=other,review,Licence is a presumption; confirm NY open data terms apply or record explicit licence
Cross-Cutting Regional,278,cross-cutting: New York State (statewide unless noted),nys_od_5h9w-mnek,Used Cooking Oil Processing - Solid Waste Management Facilities Map,reviewed_relevant,a;c,licence=not stated -- NY state open data terms presumed | granularity=unspecified; category=other,review,Licence is a presumption; confirm NY open data terms apply or record explicit licence
Cross-Cutting Regional,285,cross-cutting: New York State (statewide unless noted),nys_od_6dbq-zxcb,Waste Tire Storage - Solid Waste Management Facilities Map,reviewed_relevant,a;c,licence=not stated -- NY state open data terms presumed | granularity=unspecified; category=other,review,Licence is a presumption; confirm NY open data terms apply or record explicit licence
Cross-Cutting Regional,292,cross-cutting: New York State (statewide unless noted),nys_od_9rtk-3fkw,Industrial Development Agencies' Project Data,reviewed_relevant,a;c,licence=not stated -- NY state open data terms presumed | granularity=unspecified; category=other,review,Licence is a presumption; confirm NY open data terms apply or record explicit licence
Cross-Cutting Regional,293,cross-cutting: New York State (statewide unless noted),nys_od_g8c8-zicb,Regulated Medical Waste - Solid Waste Management Facilities Map,reviewed_relevant,a;c,licence=not stated -- NY state open data terms presumed | granularity=unspecified; category=other,review,Licence is a presumption; confirm NY open data terms apply or record explicit licence
Cross-Cutting Regional,323,cross-cutting: New York State (statewide unless noted),nys_od_sxi2-m23m,Historic Manufactured Home Park Registrations: 1989-2019,reviewed_relevant,a;c,licence=not stated -- NY state open data terms presumed | granularity=unspecified; category=other,review,Licence is a presumption; confirm NY open data terms apply or record explicit licence
Cross-Cutting Regional,327,cross-cutting: New York State (statewide unless noted),nys_od_dapt-ejhb,Waste Tire Abatement Sites,reviewed_relevant,a;c;d,licence=not stated -- NY state open data terms presumed | granularity=unspecified; category=other | domain_primary=Unclassified; relevance_match=,review,Licence is a presumption; confirm NY open data terms apply or record explicit licence
Cross-Cutting Regional,339,cross-cutting: New York State (statewide unless noted),nys_od_7hs3-2njf,SPDES Multi-Sector General Permit (MSGP) Facilities,reviewed_relevant,a;b;c,licence=not stated -- NY state open data terms presumed | sensitivity_flag=infrastructure_ownership_attribute | granularity=unspecified; category=other,review,Licence is a presumption; confirm NY open data terms apply or record explicit licence; Value not in README vocabulary: add it to the vocabulary or remap
Cross-Cutting Regional,342,cross-cutting: New York State (statewide unless noted),nys_od_i8hd-rmbi,Combined Sewer Overflows (CSOs) Map,reviewed_relevant,a;c;d,licence=not stated -- NY state open data terms presumed | granularity=unspecified; category=other | domain_primary=Unclassified; relevance_match=,review,Licence is a presumption; confirm NY open data terms apply or record explicit licence
Cross-Cutting Regional,353,cross-cutting: New York State (statewide unless noted),nys_od_u44d-k5fk,Spill Incidents,reviewed_relevant,a;c,licence=not stated -- NY state open data terms presumed | granularity=unspecified; category=other,review,Licence is a presumption; confirm NY open data terms apply or record explicit licence
Cross-Cutting Regional,374,cross-cutting: New York State (statewide unless noted),nys_od_pvur-3dya,Conservation Partnership Program Grants,reviewed_relevant,a;c,licence=not stated -- NY state open data terms presumed | granularity=unspecified; category=other,review,Licence is a presumption; confirm NY open data terms apply or record explicit licence
Cross-Cutting Regional,377,cross-cutting: New York State (statewide unless noted),nys_od_wgsj-jt5f,Statewide Distributed Solar Projects: Beginning 2000,reviewed_relevant,a;c;d,licence=not stated -- NY state open data terms presumed | granularity=unspecified; category=other | domain_primary=Unclassified; relevance_match=,review,Licence is a presumption; confirm NY open data terms apply or record explicit licence
Cross-Cutting Regional,383,cross-cutting: New York State (statewide unless noted),nys_od_d84c-dk28,Procurement Report for Local Development Corporations,reviewed_relevant,a;c;d,licence=not stated -- NY state open data terms presumed | granularity=unspecified; category=other | domain_primary=Unclassified; relevance_match=,review,Licence is a presumption; confirm NY open data terms apply or record explicit licence
Cross-Cutting Regional,387,cross-cutting: New York State (statewide unless noted),nys_od_ir93-7qzi,"Brownfield Cleanup Program, Certificates of Completion",reviewed_relevant,a;c,licence=not stated -- NY state open data terms presumed | granularity=unspecified; category=other,review,Licence is a presumption; confirm NY open data terms apply or record explicit licence
Cross-Cutting Regional,389,cross-cutting: New York State (statewide unless noted),nys_od_btea-txi4,SPDES Multi-Sector General Permit (MSGP) Facilities Map,reviewed_relevant,a;c,licence=not stated -- NY state open data terms presumed | granularity=unspecified; category=other,review,Licence is a presumption; confirm NY open data terms apply or record explicit licence
Cross-Cutting Regional,394,cross-cutting: New York State (statewide unless noted),nys_od_9yx9-29p4,Salary Information for Industrial Development Agencies,reviewed_relevant,a;c,licence=not stated -- NY state open data terms presumed | granularity=unspecified; category=other,review,Licence is a presumption; confirm NY open data terms apply or record explicit licence
Cross-Cutting Regional,399,cross-cutting: New York State (statewide unless noted),nys_od_wryv-rizw,Salary Information for Local Development Corporations,reviewed_relevant,a;c;d,licence=not stated -- NY state open data terms presumed | granularity=unspecified; category=other | domain_primary=Unclassified; relevance_match=,review,Licence is a presumption; confirm NY open data terms apply or record explicit licence
Cross-Cutting Regional,403,cross-cutting: New York State (statewide unless noted),nys_od_p3p6-xqr5,Procurement Report for Industrial Development Agencies,reviewed_relevant,a;c,licence=not stated -- NY state open data terms presumed | granularity=unspecified; category=other,review,Licence is a presumption; confirm NY open data terms apply or record explicit licence
Cross-Cutting Regional,411,cross-cutting: New York State (statewide unless noted),nys_od_vp83-gfyz,Local Development Corporations Loans,reviewed_relevant,a;c;d,licence=not stated -- NY state open data terms presumed | granularity=unspecified; category=other | domain_primary=Unclassified; relevance_match=,review,Licence is a presumption; confirm NY open data terms apply or record explicit licence
Cross-Cutting Regional,414,cross-cutting: New York State (statewide unless noted),nys_od_ajgp-mddq,Real Property Transactions of Local Development Corporations,reviewed_relevant,a;c;d,licence=not stated -- NY state open data terms presumed | granularity=unspecified; category=other | domain_primary=Unclassified; relevance_match=,review,Licence is a presumption; confirm NY open data terms apply or record explicit licence
Cross-Cutting Regional,416,cross-cutting: New York State (statewide unless noted),nys_od_wgry-y5zd,Summary Financial Information for Local Development Corporations,reviewed_relevant,a;c;d,licence=not stated -- NY state open data terms presumed | granularity=unspecified; category=other | domain_primary=Unclassified; relevance_match=,review,Licence is a presumption; confirm NY open data terms apply or record explicit licence
Cross-Cutting Regional,422,cross-cutting: New York State (statewide unless noted),nys_od_9kfh-uzu3,Local Development Corporations Bonds,reviewed_relevant,a;c;d,licence=not stated -- NY state open data terms presumed | granularity=unspecified; category=other | domain_primary=Unclassified; relevance_match=,review,Licence is a presumption; confirm NY open data terms apply or record explicit licence
Cross-Cutting Regional,424,cross-cutting: New York State (statewide unless noted),nys_od_dixy-n3q7,Real Property Transactions of Industrial Development Agencies,reviewed_relevant,a;c,licence=not stated -- NY state open data terms presumed | granularity=unspecified; category=other,review,Licence is a presumption; confirm NY open data terms apply or record explicit licence
Cross-Cutting Regional,427,cross-cutting: New York State (statewide unless noted),nys_od_2jrz-w65a,Summary Financial Information for Industrial Development Agencies,reviewed_relevant,a;c,licence=not stated -- NY state open data terms presumed | granularity=unspecified; category=other,review,Licence is a presumption; confirm NY open data terms apply or record explicit licence
Cross-Cutting Regional,428,cross-cutting: New York State (statewide unless noted),nys_od_9wxk-hakb,Charge Ready NY Programs: Beginning 2018,reviewed_relevant,a;b;c;d,licence=not stated -- NY state open data terms presumed | sensitivity_flag=business_operator_identifier | granularity=unspecified; category=other | domain_primary=Unclassified; relevance_match=,review,Licence is a presumption; confirm NY open data terms apply or record explicit licence; Value not in README vocabulary: add it to the vocabulary or remap
Cross-Cutting Regional,430,cross-cutting: New York State (statewide unless noted),nys_od_2v6p-juki,Wastewater Treatment Plants,reviewed_relevant,a;c,licence=not stated -- NY state open data terms presumed | granularity=unspecified; category=other,review,Licence is a presumption; confirm NY open data terms apply or record explicit licence
Cross-Cutting Regional,434,cross-cutting: New York State (statewide unless noted),nys_od_utc6-v4cn,Schedule of Debt for Local Development Corporations,reviewed_relevant,a;c;d,licence=not stated -- NY state open data terms presumed | granularity=unspecified; category=other | domain_primary=Unclassified; relevance_match=,review,Licence is a presumption; confirm NY open data terms apply or record explicit licence
Cross-Cutting Regional,440,cross-cutting: New York State (statewide unless noted),nys_od_dtk8-znku,Schedule of Debt for Industrial Development Agencies,reviewed_relevant,a;c,licence=not stated -- NY state open data terms presumed | granularity=unspecified; category=other,review,Licence is a presumption; confirm NY open data terms apply or record explicit licence
Cross-Cutting Regional,468,cross-cutting: New York State (statewide unless noted),nys_od_4skq-w2i6,New York State Economic Incentive Tax Credit Utilization: Beginning Tax Year 2016,reviewed_relevant,a;c;d,licence=not stated -- NY state open data terms presumed | granularity=unspecified; category=other | domain_primary=Unclassified; relevance_match=,review,Licence is a presumption; confirm NY open data terms apply or record explicit licence
Cross-Cutting Regional,492,cross-cutting: New York State (statewide unless noted),nys_od_kb9s-4gzd,City of Albany Building Permits Issued: 2009-2013,reviewed_relevant,a;b;c,licence=not stated -- NY state open data terms presumed | sensitivity_flag=business_operator_identifier | granularity=unspecified; category=other,review,Licence is a presumption; confirm NY open data terms apply or record explicit licence; Value not in README vocabulary: add it to the vocabulary or remap
Cross-Cutting Regional,493,cross-cutting: New York State (statewide unless noted),nys_od_rc94-5y2u,Average Home Heating Oil Prices by Region: Beginning 1997,reviewed_relevant,a;c;d,licence=not stated -- NY state open data terms presumed | granularity=unspecified; category=other | domain_primary=Unclassified; relevance_match=,review,Licence is a presumption; confirm NY open data terms apply or record explicit licence
Cross-Cutting Regional,503,cross-cutting: New York State (statewide unless noted),nys_od_h4gs-8qnu,"Electric Generation By Fuel Type, GWh: Beginning 1960",reviewed_relevant,a;c;d,licence=not stated -- NY state open data terms presumed | granularity=unspecified; category=other | domain_primary=Unclassified; relevance_match=,review,Licence is a presumption; confirm NY open data terms apply or record explicit licence
Cross-Cutting Regional,505,cross-cutting: New York State (statewide unless noted),nys_od_v4u2-vge4,Regional Economic Development Councils (REDC) Map,reviewed_relevant,a;c,licence=not stated -- NY state open data terms presumed | granularity=unspecified; category=other,review,Licence is a presumption; confirm NY open data terms apply or record explicit licence
Cross-Cutting Regional,514,cross-cutting: New York State (statewide unless noted),nys_od_nq2i-9jge,Manufactured Home Park Registrations: Beginning 2020,reviewed_relevant,a;b;c,licence=not stated -- NY state open data terms presumed | sensitivity_flag=business_operator_identifier | granularity=unspecified; category=other,review,Licence is a presumption; confirm NY open data terms apply or record explicit licence; Value not in README vocabulary: add it to the vocabulary or remap
Cross-Cutting Regional,529,cross-cutting: New York State (statewide unless noted),nys_od_vgue-bamz,Orphaned Wells,reviewed_relevant,a;c;d,licence=not stated -- NY state open data terms presumed | granularity=unspecified; category=other | domain_primary=Unclassified; relevance_match=,review,Licence is a presumption; confirm NY open data terms apply or record explicit licence
Cross-Cutting Regional,601,cross-cutting: New York State (statewide unless noted),nys_od_n2pf-h43s,MTA Staten Island Railway Mean Distance Between Failures: Beginning 2006,reviewed_relevant,a;c,licence=not stated -- NY state open data terms presumed | granularity=unspecified; category=other,review,Licence is a presumption; confirm NY open data terms apply or record explicit licence
Cross-Cutting Regional,604,cross-cutting: New York State (statewide unless noted),nys_od_cqyy-3njk,Waste Tire Abatement Sites Map,reviewed_relevant,a;c;d,licence=not stated -- NY state open data terms presumed | granularity=unspecified; category=other | domain_primary=Unclassified; relevance_match=,review,Licence is a presumption; confirm NY open data terms apply or record explicit licence
Cross-Cutting Regional,606,cross-cutting: New York State (statewide unless noted),nys_od_fccm-griq,MTA Staten Island Railway On-Time Performance: Beginning 2006,reviewed_relevant,a;c,licence=not stated -- NY state open data terms presumed | granularity=unspecified; category=other,review,Licence is a presumption; confirm NY open data terms apply or record explicit licence
Cross-Cutting Regional,611,cross-cutting: New York State (statewide unless noted),nys_od_ekga-4wdn,Air Monitoring Station Locations & Attributes Map,reviewed_relevant,a;c;d,licence=not stated -- NY state open data terms presumed | granularity=unspecified; category=other | domain_primary=Unclassified; relevance_match=,review,Licence is a presumption; confirm NY open data terms apply or record explicit licence
Cross-Cutting Regional,614,cross-cutting: New York State (statewide unless noted),nys_od_4sut-q3dt,Real Property Assessment Equity Statistics By Municipality: Beginning 2004,reviewed_relevant,a;c,licence=not stated -- NY state open data terms presumed | granularity=unspecified; category=other,review,Licence is a presumption; confirm NY open data terms apply or record explicit licence
Cross-Cutting Regional,620,cross-cutting: New York State (statewide unless noted),nys_od_dmcd-zwbt,Annual Enplanements in NYS Airports: Beginning 1997 Data Lens,reviewed_relevant,a;c,licence=not stated -- NY state open data terms presumed | granularity=unspecified; category=other,review,Licence is a presumption; confirm NY open data terms apply or record explicit licence
Cross-Cutting Regional,621,cross-cutting: New York State (statewide unless noted),nys_od_k3aj-27se,MTA Staten Island Railway Scheduled Trips: Beginning 2006,reviewed_relevant,a;c,licence=not stated -- NY state open data terms presumed | granularity=unspecified; category=other,review,Licence is a presumption; confirm NY open data terms apply or record explicit licence
Cross-Cutting Regional,624,cross-cutting: New York State (statewide unless noted),nys_od_khbb-nph3,Oil and Gas Summary Production Data: 1967-1999 Data Lens,reviewed_relevant,a;c;d,licence=not stated -- NY state open data terms presumed | granularity=unspecified; category=other | domain_primary=Unclassified; relevance_match=,review,Licence is a presumption; confirm NY open data terms apply or record explicit licence
Cross-Cutting Regional,630,cross-cutting: New York State (statewide unless noted),nys_od_5uvq-7ebw,"Eastbound Tunnel and Bridge Traffic Monthly Volume, Port Authority of NY NJ: Beginning 2011",reviewed_relevant,a;c,licence=not stated -- NY state open data terms presumed | granularity=unspecified; category=other,review,Licence is a presumption; confirm NY open data terms apply or record explicit licence
Cross-Cutting Regional,633,cross-cutting: New York State (statewide unless noted),nys_od_9ray-6dmy,"Eastbound Tunnel and Bridge Traffic Annual Volume, Port Authority of NY NJ: Beginning 2002",reviewed_relevant,a;c,licence=not stated -- NY state open data terms presumed | granularity=unspecified; category=other,review,Licence is a presumption; confirm NY open data terms apply or record explicit licence
Cross-Cutting Regional,659,cross-cutting: New York State (statewide unless noted),nys_od_5hyu-bdh8,Local Area Unemployment Statistics: Beginning 1976,reviewed_relevant,a;c,licence=not stated -- NY state open data terms presumed | granularity=unspecified; category=other,review,Licence is a presumption; confirm NY open data terms apply or record explicit licence
Cross-Cutting Regional,667,cross-cutting: New York State (statewide unless noted),nys_od_nv2j-hmda,City of Albany Vacant Building Inventory: 2013,reviewed_relevant,a;c,licence=not stated -- NY state open data terms presumed | granularity=unspecified; category=other,review,Licence is a presumption; confirm NY open data terms apply or record explicit licence
Cross-Cutting Regional,671,cross-cutting: New York State (statewide unless noted),nys_od_8z2v-mr2v,"Wood Energy Prices, Dollars per Million Btu Chart: Beginning 1970",reviewed_relevant,a;c;d,licence=not stated -- NY state open data terms presumed | granularity=unspecified; category=other | domain_primary=Unclassified; relevance_match=,review,Licence is a presumption; confirm NY open data terms apply or record explicit licence
Cross-Cutting Regional,674,cross-cutting: New York State (statewide unless noted),nys_od_g5a2-qa6a,Current Descriptive Data of Municipal Wastewater Treatment Plants,reviewed_relevant,a;c,licence=not stated -- NY state open data terms presumed | granularity=unspecified; category=other,review,Licence is a presumption; confirm NY open data terms apply or record explicit licence
Cross-Cutting Regional,693,cross-cutting: New York State (statewide unless noted),nys_od_xbjp-8sra,Unemployment Insurance Beneficiaries and Benefit Amounts Paid: Beginning 2001,reviewed_relevant,a;c,licence=not stated -- NY state open data terms presumed | granularity=unspecified; category=other,review,Licence is a presumption; confirm NY open data terms apply or record explicit licence
Cross-Cutting Regional,695,cross-cutting: New York State (statewide unless noted),nys_od_8pkr-4b7t,"Air Passenger Traffic per Month, Port Authority of NY NJ: Beginning 1977",reviewed_relevant,a;c,licence=not stated -- NY state open data terms presumed | granularity=unspecified; category=other,review,Licence is a presumption; confirm NY open data terms apply or record explicit licence
Cross-Cutting Regional,724,cross-cutting: New York State (statewide unless noted),nys_od_6u6d-i2fg,Regional Economic Development Councils (REDC),reviewed_relevant,a;c,licence=not stated -- NY state open data terms presumed | granularity=unspecified; category=other,review,Licence is a presumption; confirm NY open data terms apply or record explicit licence
Cross-Cutting Regional,765,cross-cutting: New York State (statewide unless noted),nys_od_bsmp-6um6,Residential Assessment Ratios: Beginning Rate Year 1982,reviewed_relevant,a;c,licence=not stated -- NY state open data terms presumed | granularity=unspecified; category=other,review,Licence is a presumption; confirm NY open data terms apply or record explicit licence
Cross-Cutting Regional,766,cross-cutting: New York State (statewide unless noted),nys_od_k7gz-mn77,Transportation Fuels Spot Prices: Beginning January 2011,reviewed_relevant,a;c;d,licence=not stated -- NY state open data terms presumed | granularity=unspecified; category=other | domain_primary=Unclassified; relevance_match=,review,Licence is a presumption; confirm NY open data terms apply or record explicit licence
Cross-Cutting Regional,784,cross-cutting: New York State (statewide unless noted),nys_od_ephi-ffu6,Combined Sewer Overflows (CSOs): Beginning 2013,reviewed_relevant,a;b;c;d,licence=not stated -- NY state open data terms presumed | sensitivity_flag=business_operator_identifier | granularity=unspecified; category=other | domain_primary=Unclassified; relevance_match=,review,Licence is a presumption; confirm NY open data terms apply or record explicit licence; Value not in README vocabulary: add it to the vocabulary or remap
Cross-Cutting Regional,800,cross-cutting: New York State (statewide unless noted),nys_od_cqfk-4aw6,Recycled Commodities and Waste Streams: Beginning 2008,reviewed_relevant,a;c;d,licence=not stated -- NY state open data terms presumed | granularity=unspecified; category=other | domain_primary=Unclassified; relevance_match=,review,Licence is a presumption; confirm NY open data terms apply or record explicit licence
Cross-Cutting Regional,802,cross-cutting: New York State (statewide unless noted),nys_od_vpv5-zd4k,Annual Enplanements in NYS Airports: Beginning 1997,reviewed_relevant,a;c,licence=not stated -- NY state open data terms presumed | granularity=unspecified; category=other,review,Licence is a presumption; confirm NY open data terms apply or record explicit licence
Cross-Cutting Regional,804,cross-cutting: New York State (statewide unless noted),nys_od_uz7h-xnak,New York State Residential Building Stock Assessment: 2018 Survey Results,reviewed_relevant,a;c,licence=not stated -- NY state open data terms presumed | granularity=unspecified; category=other,review,Licence is a presumption; confirm NY open data terms apply or record explicit licence
Cross-Cutting Regional,811,cross-cutting: New York State (statewide unless noted),nys_od_4qsv-9yb9,"Electric Generation By Natural Gas, GWh Line Graph: Beginning 1980",reviewed_relevant,a;c;d,licence=not stated -- NY state open data terms presumed | granularity=unspecified; category=other | domain_primary=Unclassified; relevance_match=,review,Licence is a presumption; confirm NY open data terms apply or record explicit licence
Cross-Cutting Regional,816,cross-cutting: New York State (statewide unless noted),nys_od_w34r-gwfk,Unemployment Insurance Initial Claims By Region By Month: Beginning 2003,reviewed_relevant,a;c,licence=not stated -- NY state open data terms presumed | granularity=unspecified; category=other,review,Licence is a presumption; confirm NY open data terms apply or record explicit licence
Cross-Cutting Regional,822,cross-cutting: New York State (statewide unless noted),nys_od_629s-5a55,Loaded Containers Monthly Imports and Exports Through Port Authority of NY NJ Maritime Terminals: Beginning 2000,reviewed_relevant,a;c,licence=not stated -- NY state open data terms presumed | granularity=unspecified; category=other,review,Licence is a presumption; confirm NY open data terms apply or record explicit licence
Cross-Cutting Regional,823,cross-cutting: New York State (statewide unless noted),nys_od_8y5c-ebxg,Oil and Gas Summary Production Data: 1967-1999,reviewed_relevant,a;c;d,licence=not stated -- NY state open data terms presumed | granularity=unspecified; category=other | domain_primary=Unclassified; relevance_match=,review,Licence is a presumption; confirm NY open data terms apply or record explicit licence
Cross-Cutting Regional,826,cross-cutting: New York State (statewide unless noted),nys_od_3drn-bhzv,New York State Residential Building Stock Assessment: 2018 On-Site Inspections,reviewed_relevant,a;c,licence=not stated -- NY state open data terms presumed | granularity=unspecified; category=other,review,Licence is a presumption; confirm NY open data terms apply or record explicit licence
Cross-Cutting Regional,829,cross-cutting: New York State (statewide unless noted),nys_od_rsuw-xxks,Municipal Wastewater Treatment Plants,reviewed_relevant,a;c,licence=not stated -- NY state open data terms presumed | granularity=unspecified; category=other,review,Licence is a presumption; confirm NY open data terms apply or record explicit licence
Cross-Cutting Regional,834,cross-cutting: New York State (statewide unless noted),nys_od_i2be-9tdj,Orphaned Wells Map,reviewed_relevant,a;c;d,licence=not stated -- NY state open data terms presumed | granularity=unspecified; category=other | domain_primary=Unclassified; relevance_match=,review,Licence is a presumption; confirm NY open data terms apply or record explicit licence
Cross-Cutting Regional,837,cross-cutting: New York State (statewide unless noted),nys_od_ukw4-nsjd,Empire State Development (ESD) Directors' Approval Funding Summary: 2012 - 2017,reviewed_relevant,a;c,licence=not stated -- NY state open data terms presumed | granularity=unspecified; category=other,review,Licence is a presumption; confirm NY open data terms apply or record explicit licence
Cross-Cutting Regional,840,cross-cutting: New York State (statewide unless noted),nys_od_94ue-tysy,Water Withdrawals by Facility: Beginning 2009,reviewed_relevant,a;c;d,licence=not stated -- NY state open data terms presumed | granularity=unspecified; category=other | domain_primary=Unclassified; relevance_match=,review,Licence is a presumption; confirm NY open data terms apply or record explicit licence
Cross-Cutting Regional,847,cross-cutting: New York State (statewide unless noted),nys_od_7rev-x3j5,Transportation Fuels Inventory: Beginning January 2017,reviewed_relevant,a;c;d,licence=not stated -- NY state open data terms presumed | granularity=unspecified; category=other | domain_primary=Unclassified; relevance_match=,review,Licence is a presumption; confirm NY open data terms apply or record explicit licence
Cross-Cutting Regional,850,cross-cutting: New York State (statewide unless noted),nys_od_hihm-ihtq,Downstate JFK and La Guardia Airport Enplanements Chart: Beginning 1997,reviewed_relevant,a;c,licence=not stated -- NY state open data terms presumed | granularity=unspecified; category=other,review,Licence is a presumption; confirm NY open data terms apply or record explicit licence
Cross-Cutting Regional,853,cross-cutting: New York State (statewide unless noted),nys_od_ddue-ckt3,Artificial Reefs Managed by New York State Department of Environmental Conservation Map,reviewed_relevant,a;c,licence=not stated -- NY state open data terms presumed | granularity=unspecified; category=other,review,Licence is a presumption; confirm NY open data terms apply or record explicit licence
Cross-Cutting Regional,857,cross-cutting: New York State (statewide unless noted),nys_od_ns8z-xewg,Unemployment Insurance Initial Claims Statewide By Month: Beginning 1971,reviewed_relevant,a;c,licence=not stated -- NY state open data terms presumed | granularity=unspecified; category=other,review,Licence is a presumption; confirm NY open data terms apply or record explicit licence
Cross-Cutting Regional,858,cross-cutting: New York State (statewide unless noted),nys_od_rkn7-svud,"Electric Generation By Wind, GWh Line Graph: Beginning 1980",reviewed_relevant,a;c;d,licence=not stated -- NY state open data terms presumed | granularity=unspecified; category=other | domain_primary=Unclassified; relevance_match=,review,Licence is a presumption; confirm NY open data terms apply or record explicit licence
Cross-Cutting Regional,859,cross-cutting: New York State (statewide unless noted),nys_od_vahg-5rku,Upstate Primary Airport Hub Enplanements: Beginning 1997,reviewed_relevant,a;c,licence=not stated -- NY state open data terms presumed | granularity=unspecified; category=other,review,Licence is a presumption; confirm NY open data terms apply or record explicit licence
Cross-Cutting Regional,861,cross-cutting: New York State (statewide unless noted),nys_od_g9p3-j9q2,"Electric Generation By Pumped Storage Hydro, GWh Line Graph: Beginning 1993",reviewed_relevant,a;c;d,licence=not stated -- NY state open data terms presumed | granularity=unspecified; category=other | domain_primary=Unclassified; relevance_match=,review,Licence is a presumption; confirm NY open data terms apply or record explicit licence
Cross-Cutting Regional,864,cross-cutting: New York State (statewide unless noted),nys_od_atwy-2trf,Transportation Fuels Production and Demand: Beginning January 2017,reviewed_relevant,a;c;d,licence=not stated -- NY state open data terms presumed | granularity=unspecified; category=other | domain_primary=Unclassified; relevance_match=,review,Licence is a presumption; confirm NY open data terms apply or record explicit licence
Cross-Cutting Regional,870,cross-cutting: New York State (statewide unless noted),nys_od_b6x3-58ht,Citizen Statewide Lake Monitoring Assessment Program (CSLAP) Lakes,reviewed_relevant,a;c,licence=not stated -- NY state open data terms presumed | granularity=unspecified; category=other,review,Licence is a presumption; confirm NY open data terms apply or record explicit licence
Cross-Cutting Regional,885,cross-cutting: New York State (statewide unless noted),nys_od_ir2w-y295,Industrial Wastewater Treatment Plants,reviewed_relevant,a;c,licence=not stated -- NY state open data terms presumed | granularity=unspecified; category=other,review,Licence is a presumption; confirm NY open data terms apply or record explicit licence
Cross-Cutting Regional,902,cross-cutting: New York State (statewide unless noted),nys_od_jsnj-ehv9,Artificial Reefs Managed by New York State Department of Environmental Conservation,reviewed_relevant,a;c,licence=not stated -- NY state open data terms presumed | granularity=unspecified; category=other,review,Licence is a presumption; confirm NY open data terms apply or record explicit licence
Cross-Cutting Regional,905,cross-cutting: New York State (statewide unless noted),nys_od_xzpp-jacs,Bulk Cargo Annual Imports and Exports Through Port Authority of NY NJ Maritime Terminals: Beginning 2000,reviewed_relevant,a;c,licence=not stated -- NY state open data terms presumed | granularity=unspecified; category=other,review,Licence is a presumption; confirm NY open data terms apply or record explicit licence
Cross-Cutting Regional,906,cross-cutting: New York State (statewide unless noted),nys_od_v5t9-im68,Port Authority Trans-Hudson (PATH) Monthly Ridership: Beginning 1996,reviewed_relevant,a;c,licence=not stated -- NY state open data terms presumed | granularity=unspecified; category=other,review,Licence is a presumption; confirm NY open data terms apply or record explicit licence
Cross-Cutting Regional,916,cross-cutting: New York State (statewide unless noted),nys_od_q35v-e8qb,Manufactured Housing Program Certified Entities,reviewed_relevant,a;c,licence=not stated -- NY state open data terms presumed | granularity=unspecified; category=other,review,Licence is a presumption; confirm NY open data terms apply or record explicit licence
Cross-Cutting Regional,934,cross-cutting: New York State (statewide unless noted),nys_od_qcpj-zdb6,Air Monitoring Station Locations & Attributes,reviewed_relevant,a;c;d,licence=not stated -- NY state open data terms presumed | granularity=unspecified; category=other | domain_primary=Unclassified; relevance_match=,review,Licence is a presumption; confirm NY open data terms apply or record explicit licence
Cross-Cutting Regional,941,cross-cutting: New York State (statewide unless noted),nys_od_2wgt-bc53,Issued State Facility Air Permits,reviewed_relevant,a;c;d,licence=not stated -- NY state open data terms presumed | granularity=unspecified; category=other | domain_primary=Unclassified; relevance_match=,review,Licence is a presumption; confirm NY open data terms apply or record explicit licence
Cross-Cutting Regional,948,cross-cutting: New York State (statewide unless noted),nys_od_n4ys-au5c,"Motor Vehicle Crashes by Facility, Port Authority of NY NJ: Beginning 2000",reviewed_relevant,a;c,licence=not stated -- NY state open data terms presumed | granularity=unspecified; category=other,review,Licence is a presumption; confirm NY open data terms apply or record explicit licence
Cross-Cutting Regional,959,cross-cutting: New York State (statewide unless noted),nys_od_jseg-6sbw,"Air Passenger Traffic per Year, Port Authority of NY NJ: Beginning 1977",reviewed_relevant,a;c,licence=not stated -- NY state open data terms presumed | granularity=unspecified; category=other,review,Licence is a presumption; confirm NY open data terms apply or record explicit licence
Cross-Cutting Regional,966,cross-cutting: New York State (statewide unless noted),nys_od_gxkv-bfb3,"Electric Generation By Wood, GWh Line Graph: Beginning 2001",reviewed_relevant,a;c;d,licence=not stated -- NY state open data terms presumed | granularity=unspecified; category=other | domain_primary=Unclassified; relevance_match=,review,Licence is a presumption; confirm NY open data terms apply or record explicit licence
Cross-Cutting Regional,975,cross-cutting: New York State (statewide unless noted),nys_od_qkrk-6v78,Unemployment Insurance Average Duration: Beginning 2002,reviewed_relevant,a;c,licence=not stated -- NY state open data terms presumed | granularity=unspecified; category=other,review,Licence is a presumption; confirm NY open data terms apply or record explicit licence
Cross-Cutting Regional,977,cross-cutting: New York State (statewide unless noted),nys_od_bqt7-hqs7,"Electric Generation By Nuclear, GWh Line Graph: Beginning 1980",reviewed_relevant,a;c;d,licence=not stated -- NY state open data terms presumed | granularity=unspecified; category=other | domain_primary=Unclassified; relevance_match=,review,Licence is a presumption; confirm NY open data terms apply or record explicit licence
Cross-Cutting Regional,978,cross-cutting: New York State (statewide unless noted),nys_od_p7e4-ipty,Port Authority Trans-Hudson Corporation (PATH) Average Weekday and Weekend Ridership: Beginning 1996,reviewed_relevant,a;c,licence=not stated -- NY state open data terms presumed | granularity=unspecified; category=other,review,Licence is a presumption; confirm NY open data terms apply or record explicit licence
Cross-Cutting Regional,980,cross-cutting: New York State (statewide unless noted),nys_od_p9d4-a8z2,"Electric Generation By Waste, GWh Line Graph: Beginning 2001",reviewed_relevant,a;c;d,licence=not stated -- NY state open data terms presumed | granularity=unspecified; category=other | domain_primary=Unclassified; relevance_match=,review,Licence is a presumption; confirm NY open data terms apply or record explicit licence
Cross-Cutting Regional,985,cross-cutting: New York State (statewide unless noted),nys_od_mxea-iw3u,Oil and Gas Annual Production: Beginning 2001,reviewed_relevant,a;c;d,licence=not stated -- NY state open data terms presumed | granularity=unspecified; category=other | domain_primary=Unclassified; relevance_match=,review,Licence is a presumption; confirm NY open data terms apply or record explicit licence
Cross-Cutting Regional,1001,cross-cutting: New York State (statewide unless noted),nys_od_v2hx-3snr,"Monthly Interstate Ferry Ridership, Port Authority: Beginning 1998",reviewed_relevant,a;c,licence=not stated -- NY state open data terms presumed | granularity=unspecified; category=other,review,Licence is a presumption; confirm NY open data terms apply or record explicit licence
Cross-Cutting Regional,1003,cross-cutting: New York State (statewide unless noted),nys_od_4n3a-en4b,Issued Title V Facility Permits,reviewed_relevant,a;c;d,licence=not stated -- NY state open data terms presumed | granularity=unspecified; category=other | domain_primary=Unclassified; relevance_match=,review,Licence is a presumption; confirm NY open data terms apply or record explicit licence
Cross-Cutting Regional,1006,cross-cutting: New York State (statewide unless noted),nys_od_nthh-fhwt,"Cargo Tonnage by Airport, Port Authority of NY NJ: Beginning 1977",reviewed_relevant,a;c,licence=not stated -- NY state open data terms presumed | granularity=unspecified; category=other,review,Licence is a presumption; confirm NY open data terms apply or record explicit licence
Cross-Cutting Regional,1008,cross-cutting: New York State (statewide unless noted),nys_od_qcf2-zajk,Oil and Gas Annual Production: 1985 - 2000,reviewed_relevant,a;c;d,licence=not stated -- NY state open data terms presumed | granularity=unspecified; category=other | domain_primary=Unclassified; relevance_match=,review,Licence is a presumption; confirm NY open data terms apply or record explicit licence
Cross-Cutting Regional,1014,cross-cutting: New York State (statewide unless noted),nys_od_5dwa-gyvu,Wastewater Treatment Plants Map,reviewed_relevant,a;c,licence=not stated -- NY state open data terms presumed | granularity=unspecified; category=other,review,Licence is a presumption; confirm NY open data terms apply or record explicit licence
Cross-Cutting Regional,1017,cross-cutting: New York State (statewide unless noted),nys_od_trr4-itv7,"Electric Generation By Landfill Gas, GWh Line Graph: Beginning 2001",reviewed_relevant,a;c,licence=not stated -- NY state open data terms presumed | granularity=unspecified; category=other,review,Licence is a presumption; confirm NY open data terms apply or record explicit licence
Cross-Cutting Regional,1026,cross-cutting: New York State (statewide unless noted),nys_od_atif-qmhb,"Electric Generation By Petroleum, GWh Line Graph: Beginning 1980",reviewed_relevant,a;c,licence=not stated -- NY state open data terms presumed | granularity=unspecified; category=other,review,Licence is a presumption; confirm NY open data terms apply or record explicit licence
Cross-Cutting Regional,1031,cross-cutting: New York State (statewide unless noted),nys_od_9yjx-h3yi,Bird Conservation Areas,reviewed_relevant,a;c,licence=not stated -- NY state open data terms presumed | granularity=unspecified; category=other,review,Licence is a presumption; confirm NY open data terms apply or record explicit licence
Cross-Cutting Regional,1041,cross-cutting: New York State (statewide unless noted),nys_od_dh9m-5v4d,"Local Area Unemployment Statistics (LAUS), Seasonally Adjusted Data: Beginning 1976",reviewed_relevant,a;c,licence=not stated -- NY state open data terms presumed | granularity=unspecified; category=other,review,Licence is a presumption; confirm NY open data terms apply or record explicit licence
Cross-Cutting Regional,1048,cross-cutting: New York State (statewide unless noted),nys_od_k6bx-jz2m,"Electric Generation By Conventional Hydro, GWh Line Graph: Beginning 1960",reviewed_relevant,a;c;d,licence=not stated -- NY state open data terms presumed | granularity=unspecified; category=other | domain_primary=Unclassified; relevance_match=,review,Licence is a presumption; confirm NY open data terms apply or record explicit licence
Cross-Cutting Regional,1058,cross-cutting: New York State (statewide unless noted),nys_od_bsvr-b9vf,"Electric Generation By Coal, GWh Line Graph: Beginning 1980",reviewed_relevant,a;c;d,licence=not stated -- NY state open data terms presumed | granularity=unspecified; category=other | domain_primary=Unclassified; relevance_match=,review,Licence is a presumption; confirm NY open data terms apply or record explicit licence
Cross-Cutting Regional,1075,cross-cutting: New York State (statewide unless noted),nys_od_dp6s-fups,Taxis Dispatched at Port Authority of NY NJ Airports: Beginning 2002,reviewed_relevant,a;c,licence=not stated -- NY state open data terms presumed | granularity=unspecified; category=other,review,Licence is a presumption; confirm NY open data terms apply or record explicit licence
Cross-Cutting Regional,1077,cross-cutting: New York State (statewide unless noted),nys_od_a3rh-pr2t,Upstate Non-Primary Airport Enplanements Chart: Beginning 1997,reviewed_relevant,a;c,licence=not stated -- NY state open data terms presumed | granularity=unspecified; category=other,review,Licence is a presumption; confirm NY open data terms apply or record explicit licence
Cross-Cutting Regional,1110,cross-cutting: New York State (statewide unless noted),nys_od_dxb3-4wp7,Trees Planted by the Port Authority of NY NJ in New York City: Beginning 2008,reviewed_relevant,a;c,licence=not stated -- NY state open data terms presumed | granularity=unspecified; category=other,review,Licence is a presumption; confirm NY open data terms apply or record explicit licence
Cross-Cutting Regional,1112,cross-cutting: New York State (statewide unless noted),nys_od_yvkb-z58x,Points of Interest on Department of Environmental Conservation Lands,reviewed_relevant,a;c,licence=not stated -- NY state open data terms presumed | granularity=unspecified; category=other,review,Licence is a presumption; confirm NY open data terms apply or record explicit licence
Cross-Cutting Regional,1114,cross-cutting: New York State (statewide unless noted),nys_od_v6t6-eb7h,Rail Containers Moved Through Port Authority of NY NJ Facilities: Beginning 2000,reviewed_relevant,a;c,licence=not stated -- NY state open data terms presumed | granularity=unspecified; category=other,review,Licence is a presumption; confirm NY open data terms apply or record explicit licence
Cross-Cutting Regional,1117,cross-cutting: New York State (statewide unless noted),nys_od_h87k-kqb6,Public Parking Counts at Port Authority of NY NJ Airports: Beginning 2002,reviewed_relevant,a;c,licence=not stated -- NY state open data terms presumed | granularity=unspecified; category=other,review,Licence is a presumption; confirm NY open data terms apply or record explicit licence
Cross-Cutting Regional,1118,cross-cutting: New York State (statewide unless noted),nys_od_u56z-mms2,Labor Market Analysts,reviewed_relevant,a;c;d,licence=not stated -- NY state open data terms presumed | granularity=unspecified; category=other | domain_primary=Unclassified; relevance_match=,review,Licence is a presumption; confirm NY open data terms apply or record explicit licence
Cross-Cutting Regional,1131,cross-cutting: New York State (statewide unless noted),nys_od_gy9h-ebus,"Commercial and Non Commercial Flights per Month, Port Authority of NY NJ: Beginning 1977",reviewed_relevant,a;c,licence=not stated -- NY state open data terms presumed | granularity=unspecified; category=other,review,Licence is a presumption; confirm NY open data terms apply or record explicit licence
Cross-Cutting Regional,1146,cross-cutting: New York State (statewide unless noted),nys_od_necg-zeuh,NYS Climate Impacts Assessment: Climate Change Projections,reviewed_relevant,a;c,licence=not stated -- NY state open data terms presumed | granularity=unspecified; category=other,review,Licence is a presumption; confirm NY open data terms apply or record explicit licence
Cross-Cutting Regional,1153,cross-cutting: New York State (statewide unless noted),nys_od_rcgp-qd58,Average Weekday Interstate Ferry Ridership Figures for Port Authority: Beginning 1998,reviewed_relevant,a;c,licence=not stated -- NY state open data terms presumed | granularity=unspecified; category=other,review,Licence is a presumption; confirm NY open data terms apply or record explicit licence
Cross-Cutting Regional,1161,cross-cutting: New York State (statewide unless noted),nys_od_nwsv-mh3n,Downstate Suburban Airport Enplanements Chart: Beginning 1997,reviewed_relevant,a;c,licence=not stated -- NY state open data terms presumed | granularity=unspecified; category=other,review,Licence is a presumption; confirm NY open data terms apply or record explicit licence
Cross-Cutting Regional,1171,cross-cutting: New York State (statewide unless noted),nys_od_f6bh-qbc3,New York State Sea Level Rise and Future Floodplain Extent: Beginning 2000,reviewed_relevant,a;c,licence=not stated -- NY state open data terms presumed | granularity=unspecified; category=other,review,Licence is a presumption; confirm NY open data terms apply or record explicit licence
Cross-Cutting Regional,1176,cross-cutting: New York State (statewide unless noted),nys_od_hy7n-2fdt,"Freight Cars Moved in Carfloat Operations, Port Authority of NY NJ: Beginning 2009",reviewed_relevant,a;c,licence=not stated -- NY state open data terms presumed | granularity=unspecified; category=other,review,Licence is a presumption; confirm NY open data terms apply or record explicit licence
Cross-Cutting Regional,1178,cross-cutting: New York State (statewide unless noted),nys_od_bhdi-gm53,Shared Ride Passengers at Port Authority of NY NJ Airports: Beginning 2005,reviewed_relevant,a;c,licence=not stated -- NY state open data terms presumed | granularity=unspecified; category=other,review,Licence is a presumption; confirm NY open data terms apply or record explicit licence
Cross-Cutting Regional,1179,cross-cutting: New York State (statewide unless noted),nys_od_q9av-zs37,Industrial Timber Harvest Production and Consumption,reviewed_relevant,a;c,licence=not stated -- NY state open data terms presumed | granularity=unspecified; category=other,review,Licence is a presumption; confirm NY open data terms apply or record explicit licence
Cross-Cutting Regional,1181,cross-cutting: New York State (statewide unless noted),nys_od_27r6-w2mv,Bird Conservation Areas Map,reviewed_relevant,a;c,licence=not stated -- NY state open data terms presumed | granularity=unspecified; category=other,review,Licence is a presumption; confirm NY open data terms apply or record explicit licence
Cross-Cutting Regional,1192,cross-cutting: New York State (statewide unless noted),nys_od_63ud-926d,Upstate Other Primary Airport Enplanements Chart: Beginning 1997,reviewed_relevant,a;c,licence=not stated -- NY state open data terms presumed | granularity=unspecified; category=other,review,Licence is a presumption; confirm NY open data terms apply or record explicit licence
Cross-Cutting Regional,1207,cross-cutting: New York State (statewide unless noted),nys_od_ph8g-y9wj,Environmental Conservation Staff Office Locations,reviewed_relevant,a;c,licence=not stated -- NY state open data terms presumed | granularity=unspecified; category=other,review,Licence is a presumption; confirm NY open data terms apply or record explicit licence
Cross-Cutting Regional,1234,cross-cutting: New York State (statewide unless noted),nys_od_78na-rqz7,Shared Ride Reservations at Port Authority of NY NJ Airports: Beginning 2005,reviewed_relevant,a;c,licence=not stated -- NY state open data terms presumed | granularity=unspecified; category=other,review,Licence is a presumption; confirm NY open data terms apply or record explicit licence
Cross-Cutting Regional,1237,cross-cutting: New York State (statewide unless noted),nys_od_vnhn-dpxa,Labor Market Regions Map,reviewed_relevant,a;c;d,licence=not stated -- NY state open data terms presumed | granularity=unspecified; category=other | domain_primary=Unclassified; relevance_match=,review,Licence is a presumption; confirm NY open data terms apply or record explicit licence
Cross-Cutting Regional,1251,cross-cutting: New York State (statewide unless noted),nys_od_imem-myat,Labor Market Regions,reviewed_relevant,a;c;d,licence=not stated -- NY state open data terms presumed | granularity=unspecified; category=other | domain_primary=Unclassified; relevance_match=,review,Licence is a presumption; confirm NY open data terms apply or record explicit licence
Cross-Cutting Regional,1259,cross-cutting: New York State (statewide unless noted),nys_od_sqdh-nqzk,Draft Title V Facility Permits,reviewed_relevant,a;c;d,licence=not stated -- NY state open data terms presumed | granularity=unspecified; category=other | domain_primary=Unclassified; relevance_match=,review,Licence is a presumption; confirm NY open data terms apply or record explicit licence
Cross-Cutting Regional,1278,cross-cutting: New York State (statewide unless noted),nys_od_39r6-cbzf,Coach Bus Passengers per Month at Port Authority of NY NJ Airports: Beginning 2002,reviewed_relevant,a;c,licence=not stated -- NY state open data terms presumed | granularity=unspecified; category=other,review,Licence is a presumption; confirm NY open data terms apply or record explicit licence
Cross-Cutting Regional,1289,cross-cutting: New York State (statewide unless noted),nys_od_pssf-s7fa,MTA 2025-2044 20-Year Needs Assessment Bus Fleet Inventory,reviewed_relevant,a;c,licence=not stated -- NY state open data terms presumed | granularity=unspecified; category=other,review,Licence is a presumption; confirm NY open data terms apply or record explicit licence
Cross-Cutting Regional,1298,cross-cutting: New York State (statewide unless noted),nys_od_s666-h6b7,MTA Subway Wait Assessment: Beginning 2015,reviewed_relevant,a;c,licence=not stated -- NY state open data terms presumed | granularity=unspecified; category=other,review,Licence is a presumption; confirm NY open data terms apply or record explicit licence
Cross-Cutting Regional,1309,cross-cutting: New York State (statewide unless noted),nys_od_5kh6-cke9,Citizen Statewide Lake Monitoring Assessment Program (CSLAP) Map,reviewed_relevant,a;c,licence=not stated -- NY state open data terms presumed | granularity=unspecified; category=other,review,Licence is a presumption; confirm NY open data terms apply or record explicit licence
Cross-Cutting Regional,1320,cross-cutting: New York State (statewide unless noted),nys_od_p58z-ik4q,County Level Attainment Status of National Ambient Air Quality Standards (NAAQS),reviewed_relevant,a;c,licence=not stated -- NY state open data terms presumed | granularity=unspecified; category=other,review,Licence is a presumption; confirm NY open data terms apply or record explicit licence
Cross-Cutting Regional,1348,cross-cutting: New York State (statewide unless noted),nys_od_cci8-aavx,New Debt Issuance for Industrial Development Agencies,reviewed_relevant,a;c,licence=not stated -- NY state open data terms presumed | granularity=unspecified; category=other,review,Licence is a presumption; confirm NY open data terms apply or record explicit licence
Cross-Cutting Regional,1353,cross-cutting: New York State (statewide unless noted),nys_od_qsdd-gb3s,MTA 2025-2044 20-Year Needs Assessment Asset Conditions,reviewed_relevant,a;c,licence=not stated -- NY state open data terms presumed | granularity=unspecified; category=other,review,Licence is a presumption; confirm NY open data terms apply or record explicit licence
Cross-Cutting Regional,1355,cross-cutting: New York State (statewide unless noted),nys_od_ek6r-6b9s,Economic Transformation and Facility Redevelopment Program Tax Credit: Beginning 2022,reviewed_relevant,a;c;d,licence=not stated -- NY state open data terms presumed | granularity=unspecified; category=other | domain_primary=Unclassified; relevance_match=,review,Licence is a presumption; confirm NY open data terms apply or record explicit licence
Cross-Cutting Regional,1378,cross-cutting: New York State (statewide unless noted),nys_od_ys8p-aqus,New York Hazardous Waste Manifest Data: 2006 - 2018,reviewed_relevant,a;c,licence=not stated -- NY state open data terms presumed | granularity=unspecified; category=other,review,Licence is a presumption; confirm NY open data terms apply or record explicit licence
Cross-Cutting Regional,1380,cross-cutting: New York State (statewide unless noted),nys_od_sh2f-cc7d,New Debt Issuance for Local Development Corporations,reviewed_relevant,a;c;d,licence=not stated -- NY state open data terms presumed | granularity=unspecified; category=other | domain_primary=Unclassified; relevance_match=,review,Licence is a presumption; confirm NY open data terms apply or record explicit licence
Cross-Cutting Regional,1389,cross-cutting: New York State (statewide unless noted),nys_od_q43a-ygsk,MTA 2025-2044 20-Year Needs Assessment Comparative Evaluation,reviewed_relevant,a;c,licence=not stated -- NY state open data terms presumed | granularity=unspecified; category=other,review,Licence is a presumption; confirm NY open data terms apply or record explicit licence
Cross-Cutting Regional,1409,cross-cutting: New York State (statewide unless noted),nys_od_v4z4-2h6n,MTA Bus Wait Assessment: Beginning 2015,reviewed_relevant,a;c,licence=not stated -- NY state open data terms presumed | granularity=unspecified; category=other,review,Licence is a presumption; confirm NY open data terms apply or record explicit licence
Cross-Cutting Regional,1415,cross-cutting: New York State (statewide unless noted),nys_od_bteb-rkif,Distributed Energy Resources Integrated Data System: Beginning 2001,reviewed_relevant,a;c;d,licence=not stated -- NY state open data terms presumed | granularity=unspecified; category=other | domain_primary=Unclassified; relevance_match=,review,Licence is a presumption; confirm NY open data terms apply or record explicit licence
Cross-Cutting Regional,1441,cross-cutting: New York State (statewide unless noted),nys_od_u67g-ezwz,Water Withdrawals by Facility Data Lens,reviewed_relevant,a;c;d,licence=not stated -- NY state open data terms presumed | granularity=unspecified; category=other | domain_primary=Unclassified; relevance_match=,review,Licence is a presumption; confirm NY open data terms apply or record explicit licence
Cross-Cutting Regional,1472,cross-cutting: New York State (statewide unless noted),nys_od_hjck-ty8r,MTA 2025-2044 20-Year Needs Assessment Railcar Fleet Inventory,reviewed_relevant,a;c,licence=not stated -- NY state open data terms presumed | granularity=unspecified; category=other,review,Licence is a presumption; confirm NY open data terms apply or record explicit licence
Cross-Cutting Regional,1497,cross-cutting: New York State (statewide unless noted),nys_od_8pe8-h28p,Composting - Solid Waste Management Facilities,reviewed_relevant,a;b;c,licence=not stated -- NY state open data terms presumed | sensitivity_flag=business_operator_identifier | granularity=unspecified; category=other,review,Licence is a presumption; confirm NY open data terms apply or record explicit licence; Value not in README vocabulary: add it to the vocabulary or remap
Cross-Cutting Regional,1516,cross-cutting: New York State (statewide unless noted),nys_od_vubw-ein5,MTA 2025-2044 20-Year Needs Assessment Police Fleet Inventory,reviewed_relevant,a;c,licence=not stated -- NY state open data terms presumed | granularity=unspecified; category=other,review,Licence is a presumption; confirm NY open data terms apply or record explicit licence
Cross-Cutting Regional,1519,cross-cutting: New York State (statewide unless noted),nys_od_eyf3-jqxg,Alternate Generated Power Source at Retail Gasoline Outlets - DAM FuelNY Map,reviewed_relevant,a;c;d,licence=not stated -- NY state open data terms presumed | granularity=unspecified; category=other | domain_primary=Unclassified; relevance_match=,review,Licence is a presumption; confirm NY open data terms apply or record explicit licence
Cross-Cutting Regional,1528,cross-cutting: New York State (statewide unless noted),nys_od_qac7-htbh,Water Withdrawals by Facility Map,reviewed_relevant,a;c;d,licence=not stated -- NY state open data terms presumed | granularity=unspecified; category=other | domain_primary=Unclassified; relevance_match=,review,Licence is a presumption; confirm NY open data terms apply or record explicit licence
Cross-Cutting Regional,1539,cross-cutting: New York State (statewide unless noted),nys_od_beru-u9ax,Aggregated Construction Fatalities: Beginning 2022,reviewed_relevant,a;c,licence=not stated -- NY state open data terms presumed | granularity=unspecified; category=other,review,Licence is a presumption; confirm NY open data terms apply or record explicit licence
Cross-Cutting Regional,1552,cross-cutting: New York State (statewide unless noted),nys_od_98u9-5jjq,Construction and Demolition (C&D) Debris - Solid Waste Management Facilities,reviewed_relevant,a;b;c,licence=not stated -- NY state open data terms presumed | sensitivity_flag=business_operator_identifier | granularity=unspecified; category=other,review,Licence is a presumption; confirm NY open data terms apply or record explicit licence; Value not in README vocabulary: add it to the vocabulary or remap
Cross-Cutting Regional,1596,cross-cutting: New York State (statewide unless noted),nys_od_gceb-iqkp,Landfill - Solid Waste Management Facilities,reviewed_relevant,a;b;c,licence=not stated -- NY state open data terms presumed | sensitivity_flag=business_operator_identifier | granularity=unspecified; category=other,review,Licence is a presumption; confirm NY open data terms apply or record explicit licence; Value not in README vocabulary: add it to the vocabulary or remap
Cross-Cutting Regional,1599,cross-cutting: New York State (statewide unless noted),nys_od_wn3j-2ia4,Alternate Generated Power Source at Retail Gasoline Outlets - DAM FuelNY,reviewed_relevant,a;c;d,licence=not stated -- NY state open data terms presumed | granularity=unspecified; category=other | domain_primary=Unclassified; relevance_match=,review,Licence is a presumption; confirm NY open data terms apply or record explicit licence
Cross-Cutting Regional,1622,cross-cutting: New York State (statewide unless noted),nys_od_kjh8-vkgi,Household Hazardous Waste - Solid Waste Management Facilities,reviewed_relevant,a;b;c,licence=not stated -- NY state open data terms presumed | sensitivity_flag=business_operator_identifier | granularity=unspecified; category=other,review,Licence is a presumption; confirm NY open data terms apply or record explicit licence; Value not in README vocabulary: add it to the vocabulary or remap
Cross-Cutting Regional,1624,cross-cutting: New York State (statewide unless noted),nys_od_2yzj-k2uw,Charge Ready NY Programs Map,reviewed_relevant,a;c;d,licence=not stated -- NY state open data terms presumed | granularity=unspecified; category=other | domain_primary=Unclassified; relevance_match=,review,Licence is a presumption; confirm NY open data terms apply or record explicit licence
Cross-Cutting Regional,1626,cross-cutting: New York State (statewide unless noted),nys_od_y522-pesw,ESD Broadband Awarded Census Blocks Phase 1,reviewed_relevant,a;c,licence=not stated -- NY state open data terms presumed | granularity=unspecified; category=other,review,Licence is a presumption; confirm NY open data terms apply or record explicit licence
Cross-Cutting Regional,1628,cross-cutting: New York State (statewide unless noted),nys_od_r6tx-ax9t,ESD Broadband Awarded Census Blocks Phase 2,reviewed_relevant,a;c,licence=not stated -- NY state open data terms presumed | granularity=unspecified; category=other,review,Licence is a presumption; confirm NY open data terms apply or record explicit licence
Cross-Cutting Regional,1631,cross-cutting: New York State (statewide unless noted),nys_od_3xnj-dvik,Labor Market Regions,reviewed_relevant,a;c;d,licence=not stated -- NY state open data terms presumed | granularity=unspecified; category=other | domain_primary=Unclassified; relevance_match=,review,Licence is a presumption; confirm NY open data terms apply or record explicit licence
Cross-Cutting Regional,1634,cross-cutting: New York State (statewide unless noted),nys_od_g3nt-zcaj,Transfer Stations - Solid Waste Management Facilities,reviewed_relevant,a;b;c,licence=not stated -- NY state open data terms presumed | sensitivity_flag=business_operator_identifier | granularity=unspecified; category=other,review,Licence is a presumption; confirm NY open data terms apply or record explicit licence; Value not in README vocabulary: add it to the vocabulary or remap
Cross-Cutting Regional,1648,cross-cutting: New York State (statewide unless noted),nys_od_3k8c-wfum,ESD Broadband Awarded Census Blocks Phase 3,reviewed_relevant,a;c,licence=not stated -- NY state open data terms presumed | granularity=unspecified; category=other,review,Licence is a presumption; confirm NY open data terms apply or record explicit licence
Cross-Cutting Regional,1651,cross-cutting: New York State (statewide unless noted),nys_od_hezw-um6e,"ESD Broadband Awarded Census Blocks Phase 1, 2, 3 Overlay",reviewed_relevant,a;c,licence=not stated -- NY state open data terms presumed | granularity=unspecified; category=other,review,Licence is a presumption; confirm NY open data terms apply or record explicit licence
Cross-Cutting Regional,1664,cross-cutting: New York State (statewide unless noted),nys_od_3rdt-mkr3,"Recycled Commodities and Waste Streams, Tons Recycled by Type Since 2008",reviewed_relevant,a;c;d,licence=not stated -- NY state open data terms presumed | granularity=unspecified; category=other | domain_primary=Unclassified; relevance_match=,review,Licence is a presumption; confirm NY open data terms apply or record explicit licence
Cross-Cutting Regional,1669,cross-cutting: New York State (statewide unless noted),nys_od_yn5w-va2g,Used Cooking Oil Processing - Solid Waste Management Facilities,reviewed_relevant,a;c,licence=not stated -- NY state open data terms presumed | granularity=unspecified; category=other,review,Licence is a presumption; confirm NY open data terms apply or record explicit licence
Cross-Cutting Regional,1671,cross-cutting: New York State (statewide unless noted),nys_od_g2z7-f2c7,Biosolids Storage & Processing - Solid Waste Management Facilities,reviewed_relevant,a;b;c,licence=not stated -- NY state open data terms presumed | sensitivity_flag=business_operator_identifier | granularity=unspecified; category=other,review,Licence is a presumption; confirm NY open data terms apply or record explicit licence; Value not in README vocabulary: add it to the vocabulary or remap
Cross-Cutting Regional,1672,cross-cutting: New York State (statewide unless noted),nys_od_tr75-4bks,Recyclables Handling & Recovery Facilities (RHRF) - Solid Waste Management Facilities,reviewed_relevant,a;b;c,licence=not stated -- NY state open data terms presumed | sensitivity_flag=business_operator_identifier | granularity=unspecified; category=other,review,Licence is a presumption; confirm NY open data terms apply or record explicit licence; Value not in README vocabulary: add it to the vocabulary or remap
Cross-Cutting Regional,1673,cross-cutting: New York State (statewide unless noted),nys_od_m9tm-i86c,ESD Broadband Awarded Census Blocks Phase 2 Map,reviewed_relevant,a;c,licence=not stated -- NY state open data terms presumed | granularity=unspecified; category=other,review,Licence is a presumption; confirm NY open data terms apply or record explicit licence
Cross-Cutting Regional,1678,cross-cutting: New York State (statewide unless noted),nys_od_c56r-37e3,Waste Combustion - Solid Waste Management Facilities,reviewed_relevant,a;b;c,licence=not stated -- NY state open data terms presumed | sensitivity_flag=business_operator_identifier | granularity=unspecified; category=other,review,Licence is a presumption; confirm NY open data terms apply or record explicit licence; Value not in README vocabulary: add it to the vocabulary or remap
Cross-Cutting Regional,1682,cross-cutting: New York State (statewide unless noted),nys_od_vdqa-4mfm,ESD Broadband Awarded Census Blocks Phase 3 Map,reviewed_relevant,a;c,licence=not stated -- NY state open data terms presumed | granularity=unspecified; category=other,review,Licence is a presumption; confirm NY open data terms apply or record explicit licence
Cross-Cutting Regional,1683,cross-cutting: New York State (statewide unless noted),nys_od_dmq6-v9mb,Land Application - Solid Waste Management Facilities,reviewed_relevant,a;b;c,licence=not stated -- NY state open data terms presumed | sensitivity_flag=business_operator_identifier | granularity=unspecified; category=other,review,Licence is a presumption; confirm NY open data terms apply or record explicit licence; Value not in README vocabulary: add it to the vocabulary or remap
Cross-Cutting Regional,1684,cross-cutting: New York State (statewide unless noted),nys_od_a5j3-n7vp,ESD Broadband Awarded Census Blocks Phase 1 Map,reviewed_relevant,a;c,licence=not stated -- NY state open data terms presumed | granularity=unspecified; category=other,review,Licence is a presumption; confirm NY open data terms apply or record explicit licence
Cross-Cutting Regional,1688,cross-cutting: New York State (statewide unless noted),nys_od_vjkg-uu6b,Vehicle Dismantling & Crushing - Solid Waste Management Facilities,reviewed_relevant,a;b;c,licence=not stated -- NY state open data terms presumed | sensitivity_flag=business_operator_identifier | granularity=unspecified; category=other,review,Licence is a presumption; confirm NY open data terms apply or record explicit licence; Value not in README vocabulary: add it to the vocabulary or remap
Cross-Cutting Regional,1690,cross-cutting: New York State (statewide unless noted),nys_od_aysx-knss,Regulated Medical Waste - Solid Waste Management Facilities,reviewed_relevant,a;b;c,licence=not stated -- NY state open data terms presumed | sensitivity_flag=business_operator_identifier | granularity=unspecified; category=other,review,Licence is a presumption; confirm NY open data terms apply or record explicit licence; Value not in README vocabulary: add it to the vocabulary or remap
Cross-Cutting Regional,1694,cross-cutting: New York State (statewide unless noted),nys_od_m8uh-jf77,Waste Tire Storage - Solid Waste Management Facilities,reviewed_relevant,a;b;c,licence=not stated -- NY state open data terms presumed | sensitivity_flag=business_operator_identifier | granularity=unspecified; category=other,review,Licence is a presumption; confirm NY open data terms apply or record explicit licence; Value not in README vocabulary: add it to the vocabulary or remap
Cross-Cutting Regional,1712,cross-cutting: New York State (statewide unless noted),nys_od_5d5z-fzjm,Downstate Suburban Airport Enplanements: Beginning 1997,reviewed_relevant,a;c,licence=not stated -- NY state open data terms presumed | granularity=unspecified; category=other,review,Licence is a presumption; confirm NY open data terms apply or record explicit licence
Cross-Cutting Regional,1716,cross-cutting: New York State (statewide unless noted),nys_od_i9es-kt9j,Downstate JFK and La Guardia Airport Enplanements: Beginning 1997,reviewed_relevant,a;c,licence=not stated -- NY state open data terms presumed | granularity=unspecified; category=other,review,Licence is a presumption; confirm NY open data terms apply or record explicit licence
Cross-Cutting Regional,1717,cross-cutting: New York State (statewide unless noted),nys_od_iku9-k9bp,Upstate Non-Primary Airport Enplanements: Beginning 1997,reviewed_relevant,a;c,licence=not stated -- NY state open data terms presumed | granularity=unspecified; category=other,review,Licence is a presumption; confirm NY open data terms apply or record explicit licence
Cross-Cutting Regional,1718,cross-cutting: New York State (statewide unless noted),nys_od_wm3m-sami,Upstate Primary Airport Hub Enplanements: Beginning 1997,reviewed_relevant,a;c,licence=not stated -- NY state open data terms presumed | granularity=unspecified; category=other,review,Licence is a presumption; confirm NY open data terms apply or record explicit licence
Cross-Cutting Regional,1725,cross-cutting: New York State (statewide unless noted),nys_od_e3sn-bimb,Upstate Other Primary Airport Enplanements: Beginning 1997,reviewed_relevant,a;c,licence=not stated -- NY state open data terms presumed | granularity=unspecified; category=other,review,Licence is a presumption; confirm NY open data terms apply or record explicit licence
Cross-Cutting Regional,1728,cross-cutting: New York State (statewide unless noted),nys_od_5gvw-94f9,"Jet Fuel Energy Prices, Dollars per Million Btu: Beginning 1970",reviewed_relevant,a;c;d,licence=not stated -- NY state open data terms presumed | granularity=unspecified; category=other | domain_primary=Unclassified; relevance_match=,review,Licence is a presumption; confirm NY open data terms apply or record explicit licence
Cross-Cutting Regional,1736,cross-cutting: New York State (statewide unless noted),nys_od_5ypk-fceg,MTA Railroad Ticket Sales: Beginning 2023,reviewed_relevant,a;c,licence=not stated -- NY state open data terms presumed | granularity=unspecified; category=other,review,Licence is a presumption; confirm NY open data terms apply or record explicit licence
Cross-Cutting Regional,1752,cross-cutting: New York State (statewide unless noted),nys_od_8yxn-rzfb,Storage Facility for Land Application - Solid Waste Management Facilities,reviewed_relevant,a;b;c,licence=not stated -- NY state open data terms presumed | sensitivity_flag=business_operator_identifier | granularity=unspecified; category=other,review,Licence is a presumption; confirm NY open data terms apply or record explicit licence; Value not in README vocabulary: add it to the vocabulary or remap
Cross-Cutting Regional,1753,cross-cutting: New York State (statewide unless noted),nys_od_5j9z-emhx,Anaerobic Digestion - Solid Waste Management Facilities,reviewed_relevant,a;b;c,licence=not stated -- NY state open data terms presumed | sensitivity_flag=business_operator_identifier | granularity=unspecified; category=other,review,Licence is a presumption; confirm NY open data terms apply or record explicit licence; Value not in README vocabulary: add it to the vocabulary or remap
Cross-Cutting Regional,1754,cross-cutting: New York State (statewide unless noted),nys_od_8ixe-mz8u,Other Organics Processing Facilities - Solid Waste Management Facilities Map,reviewed_relevant,a;c,licence=not stated -- NY state open data terms presumed | granularity=unspecified; category=other,review,Licence is a presumption; confirm NY open data terms apply or record explicit licence
Cross-Cutting Regional,1755,cross-cutting: New York State (statewide unless noted),nys_od_kssm-wqr6,Mulch Processing - Solid Waste Management Facilities,reviewed_relevant,a;c,licence=not stated -- NY state open data terms presumed | granularity=unspecified; category=other,review,Licence is a presumption; confirm NY open data terms apply or record explicit licence
Cross-Cutting Regional,1756,cross-cutting: New York State (statewide unless noted),nys_od_6vtu-s6yj,Anaerobic Digestion - Solid Waste Management Facilities Map,reviewed_relevant,a;c,licence=not stated -- NY state open data terms presumed | granularity=unspecified; category=other,review,Licence is a presumption; confirm NY open data terms apply or record explicit licence
Cross-Cutting Regional,1757,cross-cutting: New York State (statewide unless noted),nys_od_fg8k-ehij,Mulch Processing - Solid Waste Management Facilities Map,reviewed_relevant,a;c,licence=not stated -- NY state open data terms presumed | granularity=unspecified; category=other,review,Licence is a presumption; confirm NY open data terms apply or record explicit licence
Cross-Cutting Regional,1760,cross-cutting: New York State (statewide unless noted),nys_od_ichz-etf9,Storage Facility for Land Application - Solid Waste Management Facilities Map,reviewed_relevant,a;c,licence=not stated -- NY state open data terms presumed | granularity=unspecified; category=other,review,Licence is a presumption; confirm NY open data terms apply or record explicit licence
Cross-Cutting Regional,1761,cross-cutting: New York State (statewide unless noted),nys_od_fu87-n8d2,Other Organics Processing Facilities - Solid Waste Management Facilities,reviewed_relevant,a;b;c,licence=not stated -- NY state open data terms presumed | sensitivity_flag=business_operator_identifier | granularity=unspecified; category=other,review,Licence is a presumption; confirm NY open data terms apply or record explicit licence; Value not in README vocabulary: add it to the vocabulary or remap
Cross-Cutting Regional,1837,"cross-cutting: Ontario (province-wide, includes Niagara Region)",nrwn_on_track,NRWN Ontario: Track,reviewed_relevant,b;c;d,sensitivity_flag=(blank) | granularity=(blank); category=transportation | domain_primary=(blank); domain_confidence=(blank); relevance_match=,review,
Cross-Cutting Regional,1838,"cross-cutting: Ontario (province-wide, includes Niagara Region)",nrwn_on_junction,NRWN Ontario: Junction,reviewed_relevant,b;c;d,sensitivity_flag=(blank) | granularity=(blank); category=transportation | domain_primary=(blank); domain_confidence=(blank); relevance_match=,review,
Cross-Cutting Regional,1839,"cross-cutting: Ontario (province-wide, includes Niagara Region)",nrwn_on_crossing,NRWN Ontario: Crossing,reviewed_relevant,b;c;d,sensitivity_flag=(blank) | granularity=(blank); category=transportation | domain_primary=(blank); domain_confidence=(blank); relevance_match=,review,
Cross-Cutting Regional,1840,"cross-cutting: Ontario (province-wide, includes Niagara Region)",nrwn_on_markerpost,NRWN Ontario: Marker Post,reviewed_relevant,b;c;d,sensitivity_flag=(blank) | granularity=(blank); category=transportation | domain_primary=(blank); domain_confidence=(blank); relevance_match=,review,
Cross-Cutting Regional,1841,"cross-cutting: Ontario (province-wide, includes Niagara Region)",nrwn_on_structure_1,NRWN Ontario: Structure (type 1),reviewed_relevant,b;c;d,sensitivity_flag=(blank) | granularity=(blank); category=transportation | domain_primary=(blank); domain_confidence=(blank); relevance_match=,review,
Cross-Cutting Regional,1842,"cross-cutting: Ontario (province-wide, includes Niagara Region)",nrwn_on_station,NRWN Ontario: Station,reviewed_relevant,b;c;d,sensitivity_flag=(blank) | granularity=(blank); category=transportation | domain_primary=(blank); domain_confidence=(blank); relevance_match=,review,
Cross-Cutting Regional,1843,"cross-cutting: Ontario (province-wide, includes Niagara Region)",nrwn_on_structure_0,NRWN Ontario: Structure (type 0),reviewed_relevant,b;c;d,sensitivity_flag=(blank) | granularity=(blank); category=transportation | domain_primary=(blank); domain_confidence=(blank); relevance_match=,review,
Cross-Cutting Regional,1844,"cross-cutting: New York State (statewide, includes all 8 US v1 counties)",usgs_ntd_ny_road,USGS NTD New York: Road Segment,reviewed_relevant,c;d,granularity=(blank); category=transportation | domain_primary=(blank); domain_confidence=(blank); relevance_match=,review,
Cross-Cutting Regional,1845,"cross-cutting: New York State (statewide, includes all 8 US v1 counties)",usgs_ntd_ny_trail,USGS NTD New York: Trail Segment,reviewed_relevant,c;d,granularity=(blank); category=transportation | domain_primary=(blank); domain_confidence=(blank); relevance_match=,review,
Cross-Cutting Regional,1846,"cross-cutting: New York State (statewide, includes all 8 US v1 counties)",usgs_ntd_ny_rail,USGS NTD New York: Rail Feature,reviewed_relevant,c;d,granularity=(blank); category=transportation | domain_primary=(blank); domain_confidence=(blank); relevance_match=,review,
Cross-Cutting Regional,1847,"cross-cutting: New York State (statewide, includes all 8 US v1 counties)",usgs_ntd_ny_airport_point,USGS NTD New York: Airport Point,reviewed_relevant,c;d,granularity=(blank); category=transportation | domain_primary=(blank); domain_confidence=(blank); relevance_match=,review,
Cross-Cutting Regional,1848,"cross-cutting: New York State (statewide, includes all 8 US v1 counties)",usgs_ntd_ny_airport_runway,USGS NTD New York: Airport Runway,reviewed_relevant,c;d,granularity=(blank); category=transportation | domain_primary=(blank); domain_confidence=(blank); relevance_match=,review,
Cross-Cutting Regional,1849,"cross-cutting: New York State (statewide, includes all 8 US v1 counties)",usgs_struct_ny_poly_fema,USGS National Structures Dataset NY: Structure Polygon (FEMA),reviewed_relevant,c;d,granularity=(blank); category=buildings | domain_primary=(blank); domain_confidence=(blank); relevance_match=,review,granularity=building_or_structure (from category=buildings)
Cross-Cutting Regional,1850,"cross-cutting: New York State (statewide, includes all 8 US v1 counties)",usgs_struct_ny_point,USGS National Structures Dataset NY: Structure Point,reviewed_relevant,c;d,granularity=(blank); category=buildings | domain_primary=(blank); domain_confidence=(blank); relevance_match=,review,granularity=building_or_structure (from category=buildings)
